representation,model,validation_fold,train_rows,validation_rows,true_label,predicted_label,count
combined,linear_svm_c0_5,1,26295,8765,age,age,1562
combined,linear_svm_c0_5,1,26295,8765,age,ethnicity,0
combined,linear_svm_c0_5,1,26295,8765,age,gender,2
combined,linear_svm_c0_5,1,26295,8765,age,not_cyberbullying,13
combined,linear_svm_c0_5,1,26295,8765,age,other_cyberbullying,14
combined,linear_svm_c0_5,1,26295,8765,age,religion,1
combined,linear_svm_c0_5,1,26295,8765,ethnicity,age,1
combined,linear_svm_c0_5,1,26295,8765,ethnicity,ethnicity,1560
combined,linear_svm_c0_5,1,26295,8765,ethnicity,gender,3
combined,linear_svm_c0_5,1,26295,8765,ethnicity,not_cyberbullying,4
combined,linear_svm_c0_5,1,26295,8765,ethnicity,other_cyberbullying,14
combined,linear_svm_c0_5,1,26295,8765,ethnicity,religion,2
combined,linear_svm_c0_5,1,26295,8765,gender,age,1
combined,linear_svm_c0_5,1,26295,8765,gender,ethnicity,3
combined,linear_svm_c0_5,1,26295,8765,gender,gender,1310
combined,linear_svm_c0_5,1,26295,8765,gender,not_cyberbullying,114
combined,linear_svm_c0_5,1,26295,8765,gender,other_cyberbullying,89
combined,linear_svm_c0_5,1,26295,8765,gender,religion,5
combined,linear_svm_c0_5,1,26295,8765,not_cyberbullying,age,46
combined,linear_svm_c0_5,1,26295,8765,not_cyberbullying,ethnicity,12
combined,linear_svm_c0_5,1,26295,8765,not_cyberbullying,gender,53
combined,linear_svm_c0_5,1,26295,8765,not_cyberbullying,not_cyberbullying,846
combined,linear_svm_c0_5,1,26295,8765,not_cyberbullying,other_cyberbullying,249
combined,linear_svm_c0_5,1,26295,8765,not_cyberbullying,religion,56
combined,linear_svm_c0_5,1,26295,8765,other_cyberbullying,age,20
combined,linear_svm_c0_5,1,26295,8765,other_cyberbullying,ethnicity,15
combined,linear_svm_c0_5,1,26295,8765,other_cyberbullying,gender,46
combined,linear_svm_c0_5,1,26295,8765,other_cyberbullying,not_cyberbullying,192
combined,linear_svm_c0_5,1,26295,8765,other_cyberbullying,other_cyberbullying,934
combined,linear_svm_c0_5,1,26295,8765,other_cyberbullying,religion,2
combined,linear_svm_c0_5,1,26295,8765,religion,age,2
combined,linear_svm_c0_5,1,26295,8765,religion,ethnicity,3
combined,linear_svm_c0_5,1,26295,8765,religion,gender,3
combined,linear_svm_c0_5,1,26295,8765,religion,not_cyberbullying,35
combined,linear_svm_c0_5,1,26295,8765,religion,other_cyberbullying,17
combined,linear_svm_c0_5,1,26295,8765,religion,religion,1536
combined,linear_svm_c0_5,2,26295,8765,age,age,1559
combined,linear_svm_c0_5,2,26295,8765,age,ethnicity,2
combined,linear_svm_c0_5,2,26295,8765,age,gender,1
combined,linear_svm_c0_5,2,26295,8765,age,not_cyberbullying,12
combined,linear_svm_c0_5,2,26295,8765,age,other_cyberbullying,17
combined,linear_svm_c0_5,2,26295,8765,age,religion,1
combined,linear_svm_c0_5,2,26295,8765,ethnicity,age,0
combined,linear_svm_c0_5,2,26295,8765,ethnicity,ethnicity,1560
combined,linear_svm_c0_5,2,26295,8765,ethnicity,gender,3
combined,linear_svm_c0_5,2,26295,8765,ethnicity,not_cyberbullying,12
combined,linear_svm_c0_5,2,26295,8765,ethnicity,other_cyberbullying,7
combined,linear_svm_c0_5,2,26295,8765,ethnicity,religion,2
combined,linear_svm_c0_5,2,26295,8765,gender,age,8
combined,linear_svm_c0_5,2,26295,8765,gender,ethnicity,4
combined,linear_svm_c0_5,2,26295,8765,gender,gender,1328
combined,linear_svm_c0_5,2,26295,8765,gender,not_cyberbullying,89
combined,linear_svm_c0_5,2,26295,8765,gender,other_cyberbullying,90
combined,linear_svm_c0_5,2,26295,8765,gender,religion,3
combined,linear_svm_c0_5,2,26295,8765,not_cyberbullying,age,47
combined,linear_svm_c0_5,2,26295,8765,not_cyberbullying,ethnicity,15
combined,linear_svm_c0_5,2,26295,8765,not_cyberbullying,gender,68
combined,linear_svm_c0_5,2,26295,8765,not_cyberbullying,not_cyberbullying,819
combined,linear_svm_c0_5,2,26295,8765,not_cyberbullying,other_cyberbullying,261
combined,linear_svm_c0_5,2,26295,8765,not_cyberbullying,religion,53
combined,linear_svm_c0_5,2,26295,8765,other_cyberbullying,age,16
combined,linear_svm_c0_5,2,26295,8765,other_cyberbullying,ethnicity,18
combined,linear_svm_c0_5,2,26295,8765,other_cyberbullying,gender,61
combined,linear_svm_c0_5,2,26295,8765,other_cyberbullying,not_cyberbullying,179
combined,linear_svm_c0_5,2,26295,8765,other_cyberbullying,other_cyberbullying,930
combined,linear_svm_c0_5,2,26295,8765,other_cyberbullying,religion,5
combined,linear_svm_c0_5,2,26295,8765,religion,age,0
combined,linear_svm_c0_5,2,26295,8765,religion,ethnicity,0
combined,linear_svm_c0_5,2,26295,8765,religion,gender,3
combined,linear_svm_c0_5,2,26295,8765,religion,not_cyberbullying,49
combined,linear_svm_c0_5,2,26295,8765,religion,other_cyberbullying,25
combined,linear_svm_c0_5,2,26295,8765,religion,religion,1518
combined,linear_svm_c0_5,3,26295,8765,age,age,1564
combined,linear_svm_c0_5,3,26295,8765,age,ethnicity,2
combined,linear_svm_c0_5,3,26295,8765,age,gender,0
combined,linear_svm_c0_5,3,26295,8765,age,not_cyberbullying,16
combined,linear_svm_c0_5,3,26295,8765,age,other_cyberbullying,10
combined,linear_svm_c0_5,3,26295,8765,age,religion,1
combined,linear_svm_c0_5,3,26295,8765,ethnicity,age,3
combined,linear_svm_c0_5,3,26295,8765,ethnicity,ethnicity,1564
combined,linear_svm_c0_5,3,26295,8765,ethnicity,gender,1
combined,linear_svm_c0_5,3,26295,8765,ethnicity,not_cyberbullying,8
combined,linear_svm_c0_5,3,26295,8765,ethnicity,other_cyberbullying,8
combined,linear_svm_c0_5,3,26295,8765,ethnicity,religion,0
combined,linear_svm_c0_5,3,26295,8765,gender,age,1
combined,linear_svm_c0_5,3,26295,8765,gender,ethnicity,9
combined,linear_svm_c0_5,3,26295,8765,gender,gender,1346
combined,linear_svm_c0_5,3,26295,8765,gender,not_cyberbullying,88
combined,linear_svm_c0_5,3,26295,8765,gender,other_cyberbullying,71
combined,linear_svm_c0_5,3,26295,8765,gender,religion,7
combined,linear_svm_c0_5,3,26295,8765,not_cyberbullying,age,33
combined,linear_svm_c0_5,3,26295,8765,not_cyberbullying,ethnicity,15
combined,linear_svm_c0_5,3,26295,8765,not_cyberbullying,gender,70
combined,linear_svm_c0_5,3,26295,8765,not_cyberbullying,not_cyberbullying,833
combined,linear_svm_c0_5,3,26295,8765,not_cyberbullying,other_cyberbullying,256
combined,linear_svm_c0_5,3,26295,8765,not_cyberbullying,religion,56
combined,linear_svm_c0_5,3,26295,8765,other_cyberbullying,age,28
combined,linear_svm_c0_5,3,26295,8765,other_cyberbullying,ethnicity,5
combined,linear_svm_c0_5,3,26295,8765,other_cyberbullying,gender,67
combined,linear_svm_c0_5,3,26295,8765,other_cyberbullying,not_cyberbullying,189
combined,linear_svm_c0_5,3,26295,8765,other_cyberbullying,other_cyberbullying,911
combined,linear_svm_c0_5,3,26295,8765,other_cyberbullying,religion,8
combined,linear_svm_c0_5,3,26295,8765,religion,age,0
combined,linear_svm_c0_5,3,26295,8765,religion,ethnicity,2
combined,linear_svm_c0_5,3,26295,8765,religion,gender,7
combined,linear_svm_c0_5,3,26295,8765,religion,not_cyberbullying,30
combined,linear_svm_c0_5,3,26295,8765,religion,other_cyberbullying,9
combined,linear_svm_c0_5,3,26295,8765,religion,religion,1547
combined,linear_svm_c0_5,4,26295,8765,age,age,1573
combined,linear_svm_c0_5,4,26295,8765,age,ethnicity,0
combined,linear_svm_c0_5,4,26295,8765,age,gender,2
combined,linear_svm_c0_5,4,26295,8765,age,not_cyberbullying,9
combined,linear_svm_c0_5,4,26295,8765,age,other_cyberbullying,8
combined,linear_svm_c0_5,4,26295,8765,age,religion,0
combined,linear_svm_c0_5,4,26295,8765,ethnicity,age,2
combined,linear_svm_c0_5,4,26295,8765,ethnicity,ethnicity,1563
combined,linear_svm_c0_5,4,26295,8765,ethnicity,gender,1
combined,linear_svm_c0_5,4,26295,8765,ethnicity,not_cyberbullying,5
combined,linear_svm_c0_5,4,26295,8765,ethnicity,other_cyberbullying,9
combined,linear_svm_c0_5,4,26295,8765,ethnicity,religion,4
combined,linear_svm_c0_5,4,26295,8765,gender,age,4
combined,linear_svm_c0_5,4,26295,8765,gender,ethnicity,3
combined,linear_svm_c0_5,4,26295,8765,gender,gender,1329
combined,linear_svm_c0_5,4,26295,8765,gender,not_cyberbullying,94
combined,linear_svm_c0_5,4,26295,8765,gender,other_cyberbullying,88
combined,linear_svm_c0_5,4,26295,8765,gender,religion,5
combined,linear_svm_c0_5,4,26295,8765,not_cyberbullying,age,47
combined,linear_svm_c0_5,4,26295,8765,not_cyberbullying,ethnicity,13
combined,linear_svm_c0_5,4,26295,8765,not_cyberbullying,gender,47
combined,linear_svm_c0_5,4,26295,8765,not_cyberbullying,not_cyberbullying,792
combined,linear_svm_c0_5,4,26295,8765,not_cyberbullying,other_cyberbullying,295
combined,linear_svm_c0_5,4,26295,8765,not_cyberbullying,religion,69
combined,linear_svm_c0_5,4,26295,8765,other_cyberbullying,age,16
combined,linear_svm_c0_5,4,26295,8765,other_cyberbullying,ethnicity,10
combined,linear_svm_c0_5,4,26295,8765,other_cyberbullying,gender,54
combined,linear_svm_c0_5,4,26295,8765,other_cyberbullying,not_cyberbullying,201
combined,linear_svm_c0_5,4,26295,8765,other_cyberbullying,other_cyberbullying,918
combined,linear_svm_c0_5,4,26295,8765,other_cyberbullying,religion,9
combined,linear_svm_c0_5,4,26295,8765,religion,age,2
combined,linear_svm_c0_5,4,26295,8765,religion,ethnicity,1
combined,linear_svm_c0_5,4,26295,8765,religion,gender,7
combined,linear_svm_c0_5,4,26295,8765,religion,not_cyberbullying,33
combined,linear_svm_c0_5,4,26295,8765,religion,other_cyberbullying,17
combined,linear_svm_c0_5,4,26295,8765,religion,religion,1535
combined,linear_svm_c1,1,26295,8765,age,age,1558
combined,linear_svm_c1,1,26295,8765,age,ethnicity,0
combined,linear_svm_c1,1,26295,8765,age,gender,4
combined,linear_svm_c1,1,26295,8765,age,not_cyberbullying,17
combined,linear_svm_c1,1,26295,8765,age,other_cyberbullying,12
combined,linear_svm_c1,1,26295,8765,age,religion,1
combined,linear_svm_c1,1,26295,8765,ethnicity,age,1
combined,linear_svm_c1,1,26295,8765,ethnicity,ethnicity,1560
combined,linear_svm_c1,1,26295,8765,ethnicity,gender,3
combined,linear_svm_c1,1,26295,8765,ethnicity,not_cyberbullying,5
combined,linear_svm_c1,1,26295,8765,ethnicity,other_cyberbullying,13
combined,linear_svm_c1,1,26295,8765,ethnicity,religion,2
combined,linear_svm_c1,1,26295,8765,gender,age,1
combined,linear_svm_c1,1,26295,8765,gender,ethnicity,4
combined,linear_svm_c1,1,26295,8765,gender,gender,1306
combined,linear_svm_c1,1,26295,8765,gender,not_cyberbullying,115
combined,linear_svm_c1,1,26295,8765,gender,other_cyberbullying,89
combined,linear_svm_c1,1,26295,8765,gender,religion,7
combined,linear_svm_c1,1,26295,8765,not_cyberbullying,age,43
combined,linear_svm_c1,1,26295,8765,not_cyberbullying,ethnicity,12
combined,linear_svm_c1,1,26295,8765,not_cyberbullying,gender,59
combined,linear_svm_c1,1,26295,8765,not_cyberbullying,not_cyberbullying,850
combined,linear_svm_c1,1,26295,8765,not_cyberbullying,other_cyberbullying,243
combined,linear_svm_c1,1,26295,8765,not_cyberbullying,religion,55
combined,linear_svm_c1,1,26295,8765,other_cyberbullying,age,20
combined,linear_svm_c1,1,26295,8765,other_cyberbullying,ethnicity,13
combined,linear_svm_c1,1,26295,8765,other_cyberbullying,gender,47
combined,linear_svm_c1,1,26295,8765,other_cyberbullying,not_cyberbullying,193
combined,linear_svm_c1,1,26295,8765,other_cyberbullying,other_cyberbullying,933
combined,linear_svm_c1,1,26295,8765,other_cyberbullying,religion,3
combined,linear_svm_c1,1,26295,8765,religion,age,0
combined,linear_svm_c1,1,26295,8765,religion,ethnicity,3
combined,linear_svm_c1,1,26295,8765,religion,gender,5
combined,linear_svm_c1,1,26295,8765,religion,not_cyberbullying,40
combined,linear_svm_c1,1,26295,8765,religion,other_cyberbullying,18
combined,linear_svm_c1,1,26295,8765,religion,religion,1530
combined,linear_svm_c1,2,26295,8765,age,age,1558
combined,linear_svm_c1,2,26295,8765,age,ethnicity,2
combined,linear_svm_c1,2,26295,8765,age,gender,0
combined,linear_svm_c1,2,26295,8765,age,not_cyberbullying,15
combined,linear_svm_c1,2,26295,8765,age,other_cyberbullying,16
combined,linear_svm_c1,2,26295,8765,age,religion,1
combined,linear_svm_c1,2,26295,8765,ethnicity,age,0
combined,linear_svm_c1,2,26295,8765,ethnicity,ethnicity,1560
combined,linear_svm_c1,2,26295,8765,ethnicity,gender,4
combined,linear_svm_c1,2,26295,8765,ethnicity,not_cyberbullying,11
combined,linear_svm_c1,2,26295,8765,ethnicity,other_cyberbullying,7
combined,linear_svm_c1,2,26295,8765,ethnicity,religion,2
combined,linear_svm_c1,2,26295,8765,gender,age,7
combined,linear_svm_c1,2,26295,8765,gender,ethnicity,4
combined,linear_svm_c1,2,26295,8765,gender,gender,1333
combined,linear_svm_c1,2,26295,8765,gender,not_cyberbullying,91
combined,linear_svm_c1,2,26295,8765,gender,other_cyberbullying,85
combined,linear_svm_c1,2,26295,8765,gender,religion,2
combined,linear_svm_c1,2,26295,8765,not_cyberbullying,age,47
combined,linear_svm_c1,2,26295,8765,not_cyberbullying,ethnicity,15
combined,linear_svm_c1,2,26295,8765,not_cyberbullying,gender,71
combined,linear_svm_c1,2,26295,8765,not_cyberbullying,not_cyberbullying,813
combined,linear_svm_c1,2,26295,8765,not_cyberbullying,other_cyberbullying,262
combined,linear_svm_c1,2,26295,8765,not_cyberbullying,religion,55
combined,linear_svm_c1,2,26295,8765,other_cyberbullying,age,15
combined,linear_svm_c1,2,26295,8765,other_cyberbullying,ethnicity,18
combined,linear_svm_c1,2,26295,8765,other_cyberbullying,gender,64
combined,linear_svm_c1,2,26295,8765,other_cyberbullying,not_cyberbullying,195
combined,linear_svm_c1,2,26295,8765,other_cyberbullying,other_cyberbullying,913
combined,linear_svm_c1,2,26295,8765,other_cyberbullying,religion,4
combined,linear_svm_c1,2,26295,8765,religion,age,0
combined,linear_svm_c1,2,26295,8765,religion,ethnicity,0
combined,linear_svm_c1,2,26295,8765,religion,gender,3
combined,linear_svm_c1,2,26295,8765,religion,not_cyberbullying,51
combined,linear_svm_c1,2,26295,8765,religion,other_cyberbullying,23
combined,linear_svm_c1,2,26295,8765,religion,religion,1518
combined,linear_svm_c1,3,26295,8765,age,age,1564
combined,linear_svm_c1,3,26295,8765,age,ethnicity,2
combined,linear_svm_c1,3,26295,8765,age,gender,2
combined,linear_svm_c1,3,26295,8765,age,not_cyberbullying,15
combined,linear_svm_c1,3,26295,8765,age,other_cyberbullying,9
combined,linear_svm_c1,3,26295,8765,age,religion,1
combined,linear_svm_c1,3,26295,8765,ethnicity,age,2
combined,linear_svm_c1,3,26295,8765,ethnicity,ethnicity,1564
combined,linear_svm_c1,3,26295,8765,ethnicity,gender,2
combined,linear_svm_c1,3,26295,8765,ethnicity,not_cyberbullying,10
combined,linear_svm_c1,3,26295,8765,ethnicity,other_cyberbullying,6
combined,linear_svm_c1,3,26295,8765,ethnicity,religion,0
combined,linear_svm_c1,3,26295,8765,gender,age,1
combined,linear_svm_c1,3,26295,8765,gender,ethnicity,9
combined,linear_svm_c1,3,26295,8765,gender,gender,1346
combined,linear_svm_c1,3,26295,8765,gender,not_cyberbullying,87
combined,linear_svm_c1,3,26295,8765,gender,other_cyberbullying,73
combined,linear_svm_c1,3,26295,8765,gender,religion,6
combined,linear_svm_c1,3,26295,8765,not_cyberbullying,age,32
combined,linear_svm_c1,3,26295,8765,not_cyberbullying,ethnicity,15
combined,linear_svm_c1,3,26295,8765,not_cyberbullying,gender,77
combined,linear_svm_c1,3,26295,8765,not_cyberbullying,not_cyberbullying,815
combined,linear_svm_c1,3,26295,8765,not_cyberbullying,other_cyberbullying,269
combined,linear_svm_c1,3,26295,8765,not_cyberbullying,religion,55
combined,linear_svm_c1,3,26295,8765,other_cyberbullying,age,27
combined,linear_svm_c1,3,26295,8765,other_cyberbullying,ethnicity,4
combined,linear_svm_c1,3,26295,8765,other_cyberbullying,gender,69
combined,linear_svm_c1,3,26295,8765,other_cyberbullying,not_cyberbullying,209
combined,linear_svm_c1,3,26295,8765,other_cyberbullying,other_cyberbullying,891
combined,linear_svm_c1,3,26295,8765,other_cyberbullying,religion,8
combined,linear_svm_c1,3,26295,8765,religion,age,0
combined,linear_svm_c1,3,26295,8765,religion,ethnicity,2
combined,linear_svm_c1,3,26295,8765,religion,gender,8
combined,linear_svm_c1,3,26295,8765,religion,not_cyberbullying,34
combined,linear_svm_c1,3,26295,8765,religion,other_cyberbullying,8
combined,linear_svm_c1,3,26295,8765,religion,religion,1543
combined,linear_svm_c1,4,26295,8765,age,age,1571
combined,linear_svm_c1,4,26295,8765,age,ethnicity,0
combined,linear_svm_c1,4,26295,8765,age,gender,2
combined,linear_svm_c1,4,26295,8765,age,not_cyberbullying,10
combined,linear_svm_c1,4,26295,8765,age,other_cyberbullying,8
combined,linear_svm_c1,4,26295,8765,age,religion,1
combined,linear_svm_c1,4,26295,8765,ethnicity,age,2
combined,linear_svm_c1,4,26295,8765,ethnicity,ethnicity,1563
combined,linear_svm_c1,4,26295,8765,ethnicity,gender,0
combined,linear_svm_c1,4,26295,8765,ethnicity,not_cyberbullying,5
combined,linear_svm_c1,4,26295,8765,ethnicity,other_cyberbullying,10
combined,linear_svm_c1,4,26295,8765,ethnicity,religion,4
combined,linear_svm_c1,4,26295,8765,gender,age,4
combined,linear_svm_c1,4,26295,8765,gender,ethnicity,3
combined,linear_svm_c1,4,26295,8765,gender,gender,1328
combined,linear_svm_c1,4,26295,8765,gender,not_cyberbullying,101
combined,linear_svm_c1,4,26295,8765,gender,other_cyberbullying,81
combined,linear_svm_c1,4,26295,8765,gender,religion,6
combined,linear_svm_c1,4,26295,8765,not_cyberbullying,age,47
combined,linear_svm_c1,4,26295,8765,not_cyberbullying,ethnicity,13
combined,linear_svm_c1,4,26295,8765,not_cyberbullying,gender,56
combined,linear_svm_c1,4,26295,8765,not_cyberbullying,not_cyberbullying,786
combined,linear_svm_c1,4,26295,8765,not_cyberbullying,other_cyberbullying,289
combined,linear_svm_c1,4,26295,8765,not_cyberbullying,religion,72
combined,linear_svm_c1,4,26295,8765,other_cyberbullying,age,15
combined,linear_svm_c1,4,26295,8765,other_cyberbullying,ethnicity,9
combined,linear_svm_c1,4,26295,8765,other_cyberbullying,gender,55
combined,linear_svm_c1,4,26295,8765,other_cyberbullying,not_cyberbullying,216
combined,linear_svm_c1,4,26295,8765,other_cyberbullying,other_cyberbullying,906
combined,linear_svm_c1,4,26295,8765,other_cyberbullying,religion,7
combined,linear_svm_c1,4,26295,8765,religion,age,2
combined,linear_svm_c1,4,26295,8765,religion,ethnicity,2
combined,linear_svm_c1,4,26295,8765,religion,gender,8
combined,linear_svm_c1,4,26295,8765,religion,not_cyberbullying,34
combined,linear_svm_c1,4,26295,8765,religion,other_cyberbullying,18
combined,linear_svm_c1,4,26295,8765,religion,religion,1531
combined,linear_svm_c1_balanced,1,26295,8765,age,age,1557
combined,linear_svm_c1_balanced,1,26295,8765,age,ethnicity,0
combined,linear_svm_c1_balanced,1,26295,8765,age,gender,4
combined,linear_svm_c1_balanced,1,26295,8765,age,not_cyberbullying,18
combined,linear_svm_c1_balanced,1,26295,8765,age,other_cyberbullying,12
combined,linear_svm_c1_balanced,1,26295,8765,age,religion,1
combined,linear_svm_c1_balanced,1,26295,8765,ethnicity,age,1
combined,linear_svm_c1_balanced,1,26295,8765,ethnicity,ethnicity,1560
combined,linear_svm_c1_balanced,1,26295,8765,ethnicity,gender,3
combined,linear_svm_c1_balanced,1,26295,8765,ethnicity,not_cyberbullying,5
combined,linear_svm_c1_balanced,1,26295,8765,ethnicity,other_cyberbullying,13
combined,linear_svm_c1_balanced,1,26295,8765,ethnicity,religion,2
combined,linear_svm_c1_balanced,1,26295,8765,gender,age,1
combined,linear_svm_c1_balanced,1,26295,8765,gender,ethnicity,4
combined,linear_svm_c1_balanced,1,26295,8765,gender,gender,1304
combined,linear_svm_c1_balanced,1,26295,8765,gender,not_cyberbullying,115
combined,linear_svm_c1_balanced,1,26295,8765,gender,other_cyberbullying,91
combined,linear_svm_c1_balanced,1,26295,8765,gender,religion,7
combined,linear_svm_c1_balanced,1,26295,8765,not_cyberbullying,age,43
combined,linear_svm_c1_balanced,1,26295,8765,not_cyberbullying,ethnicity,11
combined,linear_svm_c1_balanced,1,26295,8765,not_cyberbullying,gender,56
combined,linear_svm_c1_balanced,1,26295,8765,not_cyberbullying,not_cyberbullying,854
combined,linear_svm_c1_balanced,1,26295,8765,not_cyberbullying,other_cyberbullying,243
combined,linear_svm_c1_balanced,1,26295,8765,not_cyberbullying,religion,55
combined,linear_svm_c1_balanced,1,26295,8765,other_cyberbullying,age,18
combined,linear_svm_c1_balanced,1,26295,8765,other_cyberbullying,ethnicity,13
combined,linear_svm_c1_balanced,1,26295,8765,other_cyberbullying,gender,46
combined,linear_svm_c1_balanced,1,26295,8765,other_cyberbullying,not_cyberbullying,198
combined,linear_svm_c1_balanced,1,26295,8765,other_cyberbullying,other_cyberbullying,933
combined,linear_svm_c1_balanced,1,26295,8765,other_cyberbullying,religion,1
combined,linear_svm_c1_balanced,1,26295,8765,religion,age,0
combined,linear_svm_c1_balanced,1,26295,8765,religion,ethnicity,2
combined,linear_svm_c1_balanced,1,26295,8765,religion,gender,5
combined,linear_svm_c1_balanced,1,26295,8765,religion,not_cyberbullying,43
combined,linear_svm_c1_balanced,1,26295,8765,religion,other_cyberbullying,18
combined,linear_svm_c1_balanced,1,26295,8765,religion,religion,1528
combined,linear_svm_c1_balanced,2,26295,8765,age,age,1557
combined,linear_svm_c1_balanced,2,26295,8765,age,ethnicity,2
combined,linear_svm_c1_balanced,2,26295,8765,age,gender,0
combined,linear_svm_c1_balanced,2,26295,8765,age,not_cyberbullying,16
combined,linear_svm_c1_balanced,2,26295,8765,age,other_cyberbullying,16
combined,linear_svm_c1_balanced,2,26295,8765,age,religion,1
combined,linear_svm_c1_balanced,2,26295,8765,ethnicity,age,0
combined,linear_svm_c1_balanced,2,26295,8765,ethnicity,ethnicity,1560
combined,linear_svm_c1_balanced,2,26295,8765,ethnicity,gender,4
combined,linear_svm_c1_balanced,2,26295,8765,ethnicity,not_cyberbullying,11
combined,linear_svm_c1_balanced,2,26295,8765,ethnicity,other_cyberbullying,7
combined,linear_svm_c1_balanced,2,26295,8765,ethnicity,religion,2
combined,linear_svm_c1_balanced,2,26295,8765,gender,age,6
combined,linear_svm_c1_balanced,2,26295,8765,gender,ethnicity,3
combined,linear_svm_c1_balanced,2,26295,8765,gender,gender,1329
combined,linear_svm_c1_balanced,2,26295,8765,gender,not_cyberbullying,95
combined,linear_svm_c1_balanced,2,26295,8765,gender,other_cyberbullying,87
combined,linear_svm_c1_balanced,2,26295,8765,gender,religion,2
combined,linear_svm_c1_balanced,2,26295,8765,not_cyberbullying,age,46
combined,linear_svm_c1_balanced,2,26295,8765,not_cyberbullying,ethnicity,14
combined,linear_svm_c1_balanced,2,26295,8765,not_cyberbullying,gender,69
combined,linear_svm_c1_balanced,2,26295,8765,not_cyberbullying,not_cyberbullying,818
combined,linear_svm_c1_balanced,2,26295,8765,not_cyberbullying,other_cyberbullying,265
combined,linear_svm_c1_balanced,2,26295,8765,not_cyberbullying,religion,51
combined,linear_svm_c1_balanced,2,26295,8765,other_cyberbullying,age,15
combined,linear_svm_c1_balanced,2,26295,8765,other_cyberbullying,ethnicity,18
combined,linear_svm_c1_balanced,2,26295,8765,other_cyberbullying,gender,61
combined,linear_svm_c1_balanced,2,26295,8765,other_cyberbullying,not_cyberbullying,197
combined,linear_svm_c1_balanced,2,26295,8765,other_cyberbullying,other_cyberbullying,914
combined,linear_svm_c1_balanced,2,26295,8765,other_cyberbullying,religion,4
combined,linear_svm_c1_balanced,2,26295,8765,religion,age,0
combined,linear_svm_c1_balanced,2,26295,8765,religion,ethnicity,0
combined,linear_svm_c1_balanced,2,26295,8765,religion,gender,2
combined,linear_svm_c1_balanced,2,26295,8765,religion,not_cyberbullying,55
combined,linear_svm_c1_balanced,2,26295,8765,religion,other_cyberbullying,25
combined,linear_svm_c1_balanced,2,26295,8765,religion,religion,1513
combined,linear_svm_c1_balanced,3,26295,8765,age,age,1563
combined,linear_svm_c1_balanced,3,26295,8765,age,ethnicity,1
combined,linear_svm_c1_balanced,3,26295,8765,age,gender,2
combined,linear_svm_c1_balanced,3,26295,8765,age,not_cyberbullying,17
combined,linear_svm_c1_balanced,3,26295,8765,age,other_cyberbullying,9
combined,linear_svm_c1_balanced,3,26295,8765,age,religion,1
combined,linear_svm_c1_balanced,3,26295,8765,ethnicity,age,2
combined,linear_svm_c1_balanced,3,26295,8765,ethnicity,ethnicity,1564
combined,linear_svm_c1_balanced,3,26295,8765,ethnicity,gender,2
combined,linear_svm_c1_balanced,3,26295,8765,ethnicity,not_cyberbullying,10
combined,linear_svm_c1_balanced,3,26295,8765,ethnicity,other_cyberbullying,6
combined,linear_svm_c1_balanced,3,26295,8765,ethnicity,religion,0
combined,linear_svm_c1_balanced,3,26295,8765,gender,age,1
combined,linear_svm_c1_balanced,3,26295,8765,gender,ethnicity,9
combined,linear_svm_c1_balanced,3,26295,8765,gender,gender,1341
combined,linear_svm_c1_balanced,3,26295,8765,gender,not_cyberbullying,91
combined,linear_svm_c1_balanced,3,26295,8765,gender,other_cyberbullying,74
combined,linear_svm_c1_balanced,3,26295,8765,gender,religion,6
combined,linear_svm_c1_balanced,3,26295,8765,not_cyberbullying,age,31
combined,linear_svm_c1_balanced,3,26295,8765,not_cyberbullying,ethnicity,14
combined,linear_svm_c1_balanced,3,26295,8765,not_cyberbullying,gender,76
combined,linear_svm_c1_balanced,3,26295,8765,not_cyberbullying,not_cyberbullying,817
combined,linear_svm_c1_balanced,3,26295,8765,not_cyberbullying,other_cyberbullying,270
combined,linear_svm_c1_balanced,3,26295,8765,not_cyberbullying,religion,55
combined,linear_svm_c1_balanced,3,26295,8765,other_cyberbullying,age,24
combined,linear_svm_c1_balanced,3,26295,8765,other_cyberbullying,ethnicity,3
combined,linear_svm_c1_balanced,3,26295,8765,other_cyberbullying,gender,66
combined,linear_svm_c1_balanced,3,26295,8765,other_cyberbullying,not_cyberbullying,213
combined,linear_svm_c1_balanced,3,26295,8765,other_cyberbullying,other_cyberbullying,894
combined,linear_svm_c1_balanced,3,26295,8765,other_cyberbullying,religion,8
combined,linear_svm_c1_balanced,3,26295,8765,religion,age,0
combined,linear_svm_c1_balanced,3,26295,8765,religion,ethnicity,2
combined,linear_svm_c1_balanced,3,26295,8765,religion,gender,7
combined,linear_svm_c1_balanced,3,26295,8765,religion,not_cyberbullying,34
combined,linear_svm_c1_balanced,3,26295,8765,religion,other_cyberbullying,10
combined,linear_svm_c1_balanced,3,26295,8765,religion,religion,1542
combined,linear_svm_c1_balanced,4,26295,8765,age,age,1571
combined,linear_svm_c1_balanced,4,26295,8765,age,ethnicity,0
combined,linear_svm_c1_balanced,4,26295,8765,age,gender,2
combined,linear_svm_c1_balanced,4,26295,8765,age,not_cyberbullying,10
combined,linear_svm_c1_balanced,4,26295,8765,age,other_cyberbullying,8
combined,linear_svm_c1_balanced,4,26295,8765,age,religion,1
combined,linear_svm_c1_balanced,4,26295,8765,ethnicity,age,2
combined,linear_svm_c1_balanced,4,26295,8765,ethnicity,ethnicity,1563
combined,linear_svm_c1_balanced,4,26295,8765,ethnicity,gender,0
combined,linear_svm_c1_balanced,4,26295,8765,ethnicity,not_cyberbullying,5
combined,linear_svm_c1_balanced,4,26295,8765,ethnicity,other_cyberbullying,10
combined,linear_svm_c1_balanced,4,26295,8765,ethnicity,religion,4
combined,linear_svm_c1_balanced,4,26295,8765,gender,age,4
combined,linear_svm_c1_balanced,4,26295,8765,gender,ethnicity,3
combined,linear_svm_c1_balanced,4,26295,8765,gender,gender,1324
combined,linear_svm_c1_balanced,4,26295,8765,gender,not_cyberbullying,101
combined,linear_svm_c1_balanced,4,26295,8765,gender,other_cyberbullying,85
combined,linear_svm_c1_balanced,4,26295,8765,gender,religion,6
combined,linear_svm_c1_balanced,4,26295,8765,not_cyberbullying,age,47
combined,linear_svm_c1_balanced,4,26295,8765,not_cyberbullying,ethnicity,13
combined,linear_svm_c1_balanced,4,26295,8765,not_cyberbullying,gender,54
combined,linear_svm_c1_balanced,4,26295,8765,not_cyberbullying,not_cyberbullying,788
combined,linear_svm_c1_balanced,4,26295,8765,not_cyberbullying,other_cyberbullying,292
combined,linear_svm_c1_balanced,4,26295,8765,not_cyberbullying,religion,69
combined,linear_svm_c1_balanced,4,26295,8765,other_cyberbullying,age,15
combined,linear_svm_c1_balanced,4,26295,8765,other_cyberbullying,ethnicity,9
combined,linear_svm_c1_balanced,4,26295,8765,other_cyberbullying,gender,52
combined,linear_svm_c1_balanced,4,26295,8765,other_cyberbullying,not_cyberbullying,219
combined,linear_svm_c1_balanced,4,26295,8765,other_cyberbullying,other_cyberbullying,906
combined,linear_svm_c1_balanced,4,26295,8765,other_cyberbullying,religion,7
combined,linear_svm_c1_balanced,4,26295,8765,religion,age,2
combined,linear_svm_c1_balanced,4,26295,8765,religion,ethnicity,2
combined,linear_svm_c1_balanced,4,26295,8765,religion,gender,8
combined,linear_svm_c1_balanced,4,26295,8765,religion,not_cyberbullying,36
combined,linear_svm_c1_balanced,4,26295,8765,religion,other_cyberbullying,19
combined,linear_svm_c1_balanced,4,26295,8765,religion,religion,1528
combined,linear_svm_c2,1,26295,8765,age,age,1555
combined,linear_svm_c2,1,26295,8765,age,ethnicity,0
combined,linear_svm_c2,1,26295,8765,age,gender,4
combined,linear_svm_c2,1,26295,8765,age,not_cyberbullying,20
combined,linear_svm_c2,1,26295,8765,age,other_cyberbullying,12
combined,linear_svm_c2,1,26295,8765,age,religion,1
combined,linear_svm_c2,1,26295,8765,ethnicity,age,1
combined,linear_svm_c2,1,26295,8765,ethnicity,ethnicity,1559
combined,linear_svm_c2,1,26295,8765,ethnicity,gender,3
combined,linear_svm_c2,1,26295,8765,ethnicity,not_cyberbullying,5
combined,linear_svm_c2,1,26295,8765,ethnicity,other_cyberbullying,14
combined,linear_svm_c2,1,26295,8765,ethnicity,religion,2
combined,linear_svm_c2,1,26295,8765,gender,age,1
combined,linear_svm_c2,1,26295,8765,gender,ethnicity,4
combined,linear_svm_c2,1,26295,8765,gender,gender,1309
combined,linear_svm_c2,1,26295,8765,gender,not_cyberbullying,113
combined,linear_svm_c2,1,26295,8765,gender,other_cyberbullying,89
combined,linear_svm_c2,1,26295,8765,gender,religion,6
combined,linear_svm_c2,1,26295,8765,not_cyberbullying,age,44
combined,linear_svm_c2,1,26295,8765,not_cyberbullying,ethnicity,13
combined,linear_svm_c2,1,26295,8765,not_cyberbullying,gender,59
combined,linear_svm_c2,1,26295,8765,not_cyberbullying,not_cyberbullying,857
combined,linear_svm_c2,1,26295,8765,not_cyberbullying,other_cyberbullying,233
combined,linear_svm_c2,1,26295,8765,not_cyberbullying,religion,56
combined,linear_svm_c2,1,26295,8765,other_cyberbullying,age,19
combined,linear_svm_c2,1,26295,8765,other_cyberbullying,ethnicity,14
combined,linear_svm_c2,1,26295,8765,other_cyberbullying,gender,51
combined,linear_svm_c2,1,26295,8765,other_cyberbullying,not_cyberbullying,204
combined,linear_svm_c2,1,26295,8765,other_cyberbullying,other_cyberbullying,919
combined,linear_svm_c2,1,26295,8765,other_cyberbullying,religion,2
combined,linear_svm_c2,1,26295,8765,religion,age,0
combined,linear_svm_c2,1,26295,8765,religion,ethnicity,2
combined,linear_svm_c2,1,26295,8765,religion,gender,5
combined,linear_svm_c2,1,26295,8765,religion,not_cyberbullying,41
combined,linear_svm_c2,1,26295,8765,religion,other_cyberbullying,19
combined,linear_svm_c2,1,26295,8765,religion,religion,1529
combined,linear_svm_c2,2,26295,8765,age,age,1556
combined,linear_svm_c2,2,26295,8765,age,ethnicity,2
combined,linear_svm_c2,2,26295,8765,age,gender,1
combined,linear_svm_c2,2,26295,8765,age,not_cyberbullying,16
combined,linear_svm_c2,2,26295,8765,age,other_cyberbullying,16
combined,linear_svm_c2,2,26295,8765,age,religion,1
combined,linear_svm_c2,2,26295,8765,ethnicity,age,0
combined,linear_svm_c2,2,26295,8765,ethnicity,ethnicity,1563
combined,linear_svm_c2,2,26295,8765,ethnicity,gender,4
combined,linear_svm_c2,2,26295,8765,ethnicity,not_cyberbullying,11
combined,linear_svm_c2,2,26295,8765,ethnicity,other_cyberbullying,5
combined,linear_svm_c2,2,26295,8765,ethnicity,religion,1
combined,linear_svm_c2,2,26295,8765,gender,age,6
combined,linear_svm_c2,2,26295,8765,gender,ethnicity,2
combined,linear_svm_c2,2,26295,8765,gender,gender,1339
combined,linear_svm_c2,2,26295,8765,gender,not_cyberbullying,88
combined,linear_svm_c2,2,26295,8765,gender,other_cyberbullying,82
combined,linear_svm_c2,2,26295,8765,gender,religion,5
combined,linear_svm_c2,2,26295,8765,not_cyberbullying,age,45
combined,linear_svm_c2,2,26295,8765,not_cyberbullying,ethnicity,15
combined,linear_svm_c2,2,26295,8765,not_cyberbullying,gender,83
combined,linear_svm_c2,2,26295,8765,not_cyberbullying,not_cyberbullying,808
combined,linear_svm_c2,2,26295,8765,not_cyberbullying,other_cyberbullying,259
combined,linear_svm_c2,2,26295,8765,not_cyberbullying,religion,53
combined,linear_svm_c2,2,26295,8765,other_cyberbullying,age,16
combined,linear_svm_c2,2,26295,8765,other_cyberbullying,ethnicity,18
combined,linear_svm_c2,2,26295,8765,other_cyberbullying,gender,65
combined,linear_svm_c2,2,26295,8765,other_cyberbullying,not_cyberbullying,209
combined,linear_svm_c2,2,26295,8765,other_cyberbullying,other_cyberbullying,896
combined,linear_svm_c2,2,26295,8765,other_cyberbullying,religion,5
combined,linear_svm_c2,2,26295,8765,religion,age,0
combined,linear_svm_c2,2,26295,8765,religion,ethnicity,1
combined,linear_svm_c2,2,26295,8765,religion,gender,3
combined,linear_svm_c2,2,26295,8765,religion,not_cyberbullying,53
combined,linear_svm_c2,2,26295,8765,religion,other_cyberbullying,21
combined,linear_svm_c2,2,26295,8765,religion,religion,1517
combined,linear_svm_c2,3,26295,8765,age,age,1561
combined,linear_svm_c2,3,26295,8765,age,ethnicity,2
combined,linear_svm_c2,3,26295,8765,age,gender,3
combined,linear_svm_c2,3,26295,8765,age,not_cyberbullying,17
combined,linear_svm_c2,3,26295,8765,age,other_cyberbullying,9
combined,linear_svm_c2,3,26295,8765,age,religion,1
combined,linear_svm_c2,3,26295,8765,ethnicity,age,2
combined,linear_svm_c2,3,26295,8765,ethnicity,ethnicity,1564
combined,linear_svm_c2,3,26295,8765,ethnicity,gender,2
combined,linear_svm_c2,3,26295,8765,ethnicity,not_cyberbullying,9
combined,linear_svm_c2,3,26295,8765,ethnicity,other_cyberbullying,7
combined,linear_svm_c2,3,26295,8765,ethnicity,religion,0
combined,linear_svm_c2,3,26295,8765,gender,age,1
combined,linear_svm_c2,3,26295,8765,gender,ethnicity,12
combined,linear_svm_c2,3,26295,8765,gender,gender,1339
combined,linear_svm_c2,3,26295,8765,gender,not_cyberbullying,86
combined,linear_svm_c2,3,26295,8765,gender,other_cyberbullying,77
combined,linear_svm_c2,3,26295,8765,gender,religion,7
combined,linear_svm_c2,3,26295,8765,not_cyberbullying,age,32
combined,linear_svm_c2,3,26295,8765,not_cyberbullying,ethnicity,14
combined,linear_svm_c2,3,26295,8765,not_cyberbullying,gender,80
combined,linear_svm_c2,3,26295,8765,not_cyberbullying,not_cyberbullying,816
combined,linear_svm_c2,3,26295,8765,not_cyberbullying,other_cyberbullying,266
combined,linear_svm_c2,3,26295,8765,not_cyberbullying,religion,55
combined,linear_svm_c2,3,26295,8765,other_cyberbullying,age,26
combined,linear_svm_c2,3,26295,8765,other_cyberbullying,ethnicity,4
combined,linear_svm_c2,3,26295,8765,other_cyberbullying,gender,73
combined,linear_svm_c2,3,26295,8765,other_cyberbullying,not_cyberbullying,216
combined,linear_svm_c2,3,26295,8765,other_cyberbullying,other_cyberbullying,881
combined,linear_svm_c2,3,26295,8765,other_cyberbullying,religion,8
combined,linear_svm_c2,3,26295,8765,religion,age,0
combined,linear_svm_c2,3,26295,8765,religion,ethnicity,2
combined,linear_svm_c2,3,26295,8765,religion,gender,7
combined,linear_svm_c2,3,26295,8765,religion,not_cyberbullying,35
combined,linear_svm_c2,3,26295,8765,religion,other_cyberbullying,11
combined,linear_svm_c2,3,26295,8765,religion,religion,1540
combined,linear_svm_c2,4,26295,8765,age,age,1570
combined,linear_svm_c2,4,26295,8765,age,ethnicity,0
combined,linear_svm_c2,4,26295,8765,age,gender,2
combined,linear_svm_c2,4,26295,8765,age,not_cyberbullying,11
combined,linear_svm_c2,4,26295,8765,age,other_cyberbullying,8
combined,linear_svm_c2,4,26295,8765,age,religion,1
combined,linear_svm_c2,4,26295,8765,ethnicity,age,2
combined,linear_svm_c2,4,26295,8765,ethnicity,ethnicity,1563
combined,linear_svm_c2,4,26295,8765,ethnicity,gender,0
combined,linear_svm_c2,4,26295,8765,ethnicity,not_cyberbullying,5
combined,linear_svm_c2,4,26295,8765,ethnicity,other_cyberbullying,10
combined,linear_svm_c2,4,26295,8765,ethnicity,religion,4
combined,linear_svm_c2,4,26295,8765,gender,age,4
combined,linear_svm_c2,4,26295,8765,gender,ethnicity,3
combined,linear_svm_c2,4,26295,8765,gender,gender,1332
combined,linear_svm_c2,4,26295,8765,gender,not_cyberbullying,95
combined,linear_svm_c2,4,26295,8765,gender,other_cyberbullying,83
combined,linear_svm_c2,4,26295,8765,gender,religion,6
combined,linear_svm_c2,4,26295,8765,not_cyberbullying,age,45
combined,linear_svm_c2,4,26295,8765,not_cyberbullying,ethnicity,12
combined,linear_svm_c2,4,26295,8765,not_cyberbullying,gender,64
combined,linear_svm_c2,4,26295,8765,not_cyberbullying,not_cyberbullying,782
combined,linear_svm_c2,4,26295,8765,not_cyberbullying,other_cyberbullying,284
combined,linear_svm_c2,4,26295,8765,not_cyberbullying,religion,76
combined,linear_svm_c2,4,26295,8765,other_cyberbullying,age,18
combined,linear_svm_c2,4,26295,8765,other_cyberbullying,ethnicity,9
combined,linear_svm_c2,4,26295,8765,other_cyberbullying,gender,59
combined,linear_svm_c2,4,26295,8765,other_cyberbullying,not_cyberbullying,234
combined,linear_svm_c2,4,26295,8765,other_cyberbullying,other_cyberbullying,881
combined,linear_svm_c2,4,26295,8765,other_cyberbullying,religion,7
combined,linear_svm_c2,4,26295,8765,religion,age,2
combined,linear_svm_c2,4,26295,8765,religion,ethnicity,2
combined,linear_svm_c2,4,26295,8765,religion,gender,8
combined,linear_svm_c2,4,26295,8765,religion,not_cyberbullying,37
combined,linear_svm_c2,4,26295,8765,religion,other_cyberbullying,18
combined,linear_svm_c2,4,26295,8765,religion,religion,1528
combined,logistic_regression_c0_5,1,26295,8765,age,age,1552
combined,logistic_regression_c0_5,1,26295,8765,age,ethnicity,0
combined,logistic_regression_c0_5,1,26295,8765,age,gender,2
combined,logistic_regression_c0_5,1,26295,8765,age,not_cyberbullying,25
combined,logistic_regression_c0_5,1,26295,8765,age,other_cyberbullying,12
combined,logistic_regression_c0_5,1,26295,8765,age,religion,1
combined,logistic_regression_c0_5,1,26295,8765,ethnicity,age,1
combined,logistic_regression_c0_5,1,26295,8765,ethnicity,ethnicity,1548
combined,logistic_regression_c0_5,1,26295,8765,ethnicity,gender,1
combined,logistic_regression_c0_5,1,26295,8765,ethnicity,not_cyberbullying,11
combined,logistic_regression_c0_5,1,26295,8765,ethnicity,other_cyberbullying,19
combined,logistic_regression_c0_5,1,26295,8765,ethnicity,religion,4
combined,logistic_regression_c0_5,1,26295,8765,gender,age,3
combined,logistic_regression_c0_5,1,26295,8765,gender,ethnicity,1
combined,logistic_regression_c0_5,1,26295,8765,gender,gender,1283
combined,logistic_regression_c0_5,1,26295,8765,gender,not_cyberbullying,127
combined,logistic_regression_c0_5,1,26295,8765,gender,other_cyberbullying,103
combined,logistic_regression_c0_5,1,26295,8765,gender,religion,5
combined,logistic_regression_c0_5,1,26295,8765,not_cyberbullying,age,40
combined,logistic_regression_c0_5,1,26295,8765,not_cyberbullying,ethnicity,11
combined,logistic_regression_c0_5,1,26295,8765,not_cyberbullying,gender,49
combined,logistic_regression_c0_5,1,26295,8765,not_cyberbullying,not_cyberbullying,842
combined,logistic_regression_c0_5,1,26295,8765,not_cyberbullying,other_cyberbullying,261
combined,logistic_regression_c0_5,1,26295,8765,not_cyberbullying,religion,59
combined,logistic_regression_c0_5,1,26295,8765,other_cyberbullying,age,14
combined,logistic_regression_c0_5,1,26295,8765,other_cyberbullying,ethnicity,6
combined,logistic_regression_c0_5,1,26295,8765,other_cyberbullying,gender,48
combined,logistic_regression_c0_5,1,26295,8765,other_cyberbullying,not_cyberbullying,177
combined,logistic_regression_c0_5,1,26295,8765,other_cyberbullying,other_cyberbullying,957
combined,logistic_regression_c0_5,1,26295,8765,other_cyberbullying,religion,7
combined,logistic_regression_c0_5,1,26295,8765,religion,age,1
combined,logistic_regression_c0_5,1,26295,8765,religion,ethnicity,0
combined,logistic_regression_c0_5,1,26295,8765,religion,gender,2
combined,logistic_regression_c0_5,1,26295,8765,religion,not_cyberbullying,34
combined,logistic_regression_c0_5,1,26295,8765,religion,other_cyberbullying,22
combined,logistic_regression_c0_5,1,26295,8765,religion,religion,1537
combined,logistic_regression_c0_5,2,26295,8765,age,age,1552
combined,logistic_regression_c0_5,2,26295,8765,age,ethnicity,1
combined,logistic_regression_c0_5,2,26295,8765,age,gender,2
combined,logistic_regression_c0_5,2,26295,8765,age,not_cyberbullying,15
combined,logistic_regression_c0_5,2,26295,8765,age,other_cyberbullying,19
combined,logistic_regression_c0_5,2,26295,8765,age,religion,3
combined,logistic_regression_c0_5,2,26295,8765,ethnicity,age,0
combined,logistic_regression_c0_5,2,26295,8765,ethnicity,ethnicity,1556
combined,logistic_regression_c0_5,2,26295,8765,ethnicity,gender,2
combined,logistic_regression_c0_5,2,26295,8765,ethnicity,not_cyberbullying,12
combined,logistic_regression_c0_5,2,26295,8765,ethnicity,other_cyberbullying,12
combined,logistic_regression_c0_5,2,26295,8765,ethnicity,religion,2
combined,logistic_regression_c0_5,2,26295,8765,gender,age,5
combined,logistic_regression_c0_5,2,26295,8765,gender,ethnicity,2
combined,logistic_regression_c0_5,2,26295,8765,gender,gender,1294
combined,logistic_regression_c0_5,2,26295,8765,gender,not_cyberbullying,106
combined,logistic_regression_c0_5,2,26295,8765,gender,other_cyberbullying,106
combined,logistic_regression_c0_5,2,26295,8765,gender,religion,9
combined,logistic_regression_c0_5,2,26295,8765,not_cyberbullying,age,49
combined,logistic_regression_c0_5,2,26295,8765,not_cyberbullying,ethnicity,9
combined,logistic_regression_c0_5,2,26295,8765,not_cyberbullying,gender,52
combined,logistic_regression_c0_5,2,26295,8765,not_cyberbullying,not_cyberbullying,821
combined,logistic_regression_c0_5,2,26295,8765,not_cyberbullying,other_cyberbullying,279
combined,logistic_regression_c0_5,2,26295,8765,not_cyberbullying,religion,53
combined,logistic_regression_c0_5,2,26295,8765,other_cyberbullying,age,14
combined,logistic_regression_c0_5,2,26295,8765,other_cyberbullying,ethnicity,12
combined,logistic_regression_c0_5,2,26295,8765,other_cyberbullying,gender,49
combined,logistic_regression_c0_5,2,26295,8765,other_cyberbullying,not_cyberbullying,174
combined,logistic_regression_c0_5,2,26295,8765,other_cyberbullying,other_cyberbullying,946
combined,logistic_regression_c0_5,2,26295,8765,other_cyberbullying,religion,14
combined,logistic_regression_c0_5,2,26295,8765,religion,age,1
combined,logistic_regression_c0_5,2,26295,8765,religion,ethnicity,1
combined,logistic_regression_c0_5,2,26295,8765,religion,gender,2
combined,logistic_regression_c0_5,2,26295,8765,religion,not_cyberbullying,57
combined,logistic_regression_c0_5,2,26295,8765,religion,other_cyberbullying,25
combined,logistic_regression_c0_5,2,26295,8765,religion,religion,1509
combined,logistic_regression_c0_5,3,26295,8765,age,age,1564
combined,logistic_regression_c0_5,3,26295,8765,age,ethnicity,2
combined,logistic_regression_c0_5,3,26295,8765,age,gender,0
combined,logistic_regression_c0_5,3,26295,8765,age,not_cyberbullying,13
combined,logistic_regression_c0_5,3,26295,8765,age,other_cyberbullying,12
combined,logistic_regression_c0_5,3,26295,8765,age,religion,2
combined,logistic_regression_c0_5,3,26295,8765,ethnicity,age,3
combined,logistic_regression_c0_5,3,26295,8765,ethnicity,ethnicity,1557
combined,logistic_regression_c0_5,3,26295,8765,ethnicity,gender,2
combined,logistic_regression_c0_5,3,26295,8765,ethnicity,not_cyberbullying,8
combined,logistic_regression_c0_5,3,26295,8765,ethnicity,other_cyberbullying,14
combined,logistic_regression_c0_5,3,26295,8765,ethnicity,religion,0
combined,logistic_regression_c0_5,3,26295,8765,gender,age,0
combined,logistic_regression_c0_5,3,26295,8765,gender,ethnicity,5
combined,logistic_regression_c0_5,3,26295,8765,gender,gender,1317
combined,logistic_regression_c0_5,3,26295,8765,gender,not_cyberbullying,108
combined,logistic_regression_c0_5,3,26295,8765,gender,other_cyberbullying,86
combined,logistic_regression_c0_5,3,26295,8765,gender,religion,6
combined,logistic_regression_c0_5,3,26295,8765,not_cyberbullying,age,33
combined,logistic_regression_c0_5,3,26295,8765,not_cyberbullying,ethnicity,11
combined,logistic_regression_c0_5,3,26295,8765,not_cyberbullying,gender,58
combined,logistic_regression_c0_5,3,26295,8765,not_cyberbullying,not_cyberbullying,826
combined,logistic_regression_c0_5,3,26295,8765,not_cyberbullying,other_cyberbullying,287
combined,logistic_regression_c0_5,3,26295,8765,not_cyberbullying,religion,48
combined,logistic_regression_c0_5,3,26295,8765,other_cyberbullying,age,27
combined,logistic_regression_c0_5,3,26295,8765,other_cyberbullying,ethnicity,5
combined,logistic_regression_c0_5,3,26295,8765,other_cyberbullying,gender,55
combined,logistic_regression_c0_5,3,26295,8765,other_cyberbullying,not_cyberbullying,179
combined,logistic_regression_c0_5,3,26295,8765,other_cyberbullying,other_cyberbullying,928
combined,logistic_regression_c0_5,3,26295,8765,other_cyberbullying,religion,14
combined,logistic_regression_c0_5,3,26295,8765,religion,age,1
combined,logistic_regression_c0_5,3,26295,8765,religion,ethnicity,2
combined,logistic_regression_c0_5,3,26295,8765,religion,gender,6
combined,logistic_regression_c0_5,3,26295,8765,religion,not_cyberbullying,32
combined,logistic_regression_c0_5,3,26295,8765,religion,other_cyberbullying,15
combined,logistic_regression_c0_5,3,26295,8765,religion,religion,1539
combined,logistic_regression_c0_5,4,26295,8765,age,age,1572
combined,logistic_regression_c0_5,4,26295,8765,age,ethnicity,0
combined,logistic_regression_c0_5,4,26295,8765,age,gender,0
combined,logistic_regression_c0_5,4,26295,8765,age,not_cyberbullying,9
combined,logistic_regression_c0_5,4,26295,8765,age,other_cyberbullying,10
combined,logistic_regression_c0_5,4,26295,8765,age,religion,1
combined,logistic_regression_c0_5,4,26295,8765,ethnicity,age,2
combined,logistic_regression_c0_5,4,26295,8765,ethnicity,ethnicity,1563
combined,logistic_regression_c0_5,4,26295,8765,ethnicity,gender,0
combined,logistic_regression_c0_5,4,26295,8765,ethnicity,not_cyberbullying,5
combined,logistic_regression_c0_5,4,26295,8765,ethnicity,other_cyberbullying,11
combined,logistic_regression_c0_5,4,26295,8765,ethnicity,religion,3
combined,logistic_regression_c0_5,4,26295,8765,gender,age,5
combined,logistic_regression_c0_5,4,26295,8765,gender,ethnicity,2
combined,logistic_regression_c0_5,4,26295,8765,gender,gender,1295
combined,logistic_regression_c0_5,4,26295,8765,gender,not_cyberbullying,102
combined,logistic_regression_c0_5,4,26295,8765,gender,other_cyberbullying,114
combined,logistic_regression_c0_5,4,26295,8765,gender,religion,5
combined,logistic_regression_c0_5,4,26295,8765,not_cyberbullying,age,50
combined,logistic_regression_c0_5,4,26295,8765,not_cyberbullying,ethnicity,9
combined,logistic_regression_c0_5,4,26295,8765,not_cyberbullying,gender,37
combined,logistic_regression_c0_5,4,26295,8765,not_cyberbullying,not_cyberbullying,805
combined,logistic_regression_c0_5,4,26295,8765,not_cyberbullying,other_cyberbullying,296
combined,logistic_regression_c0_5,4,26295,8765,not_cyberbullying,religion,66
combined,logistic_regression_c0_5,4,26295,8765,other_cyberbullying,age,19
combined,logistic_regression_c0_5,4,26295,8765,other_cyberbullying,ethnicity,6
combined,logistic_regression_c0_5,4,26295,8765,other_cyberbullying,gender,55
combined,logistic_regression_c0_5,4,26295,8765,other_cyberbullying,not_cyberbullying,181
combined,logistic_regression_c0_5,4,26295,8765,other_cyberbullying,other_cyberbullying,934
combined,logistic_regression_c0_5,4,26295,8765,other_cyberbullying,religion,13
combined,logistic_regression_c0_5,4,26295,8765,religion,age,2
combined,logistic_regression_c0_5,4,26295,8765,religion,ethnicity,1
combined,logistic_regression_c0_5,4,26295,8765,religion,gender,7
combined,logistic_regression_c0_5,4,26295,8765,religion,not_cyberbullying,32
combined,logistic_regression_c0_5,4,26295,8765,religion,other_cyberbullying,22
combined,logistic_regression_c0_5,4,26295,8765,religion,religion,1531
combined,logistic_regression_c1,1,26295,8765,age,age,1548
combined,logistic_regression_c1,1,26295,8765,age,ethnicity,0
combined,logistic_regression_c1,1,26295,8765,age,gender,2
combined,logistic_regression_c1,1,26295,8765,age,not_cyberbullying,27
combined,logistic_regression_c1,1,26295,8765,age,other_cyberbullying,14
combined,logistic_regression_c1,1,26295,8765,age,religion,1
combined,logistic_regression_c1,1,26295,8765,ethnicity,age,1
combined,logistic_regression_c1,1,26295,8765,ethnicity,ethnicity,1550
combined,logistic_regression_c1,1,26295,8765,ethnicity,gender,1
combined,logistic_regression_c1,1,26295,8765,ethnicity,not_cyberbullying,8
combined,logistic_regression_c1,1,26295,8765,ethnicity,other_cyberbullying,21
combined,logistic_regression_c1,1,26295,8765,ethnicity,religion,3
combined,logistic_regression_c1,1,26295,8765,gender,age,2
combined,logistic_regression_c1,1,26295,8765,gender,ethnicity,1
combined,logistic_regression_c1,1,26295,8765,gender,gender,1296
combined,logistic_regression_c1,1,26295,8765,gender,not_cyberbullying,129
combined,logistic_regression_c1,1,26295,8765,gender,other_cyberbullying,90
combined,logistic_regression_c1,1,26295,8765,gender,religion,4
combined,logistic_regression_c1,1,26295,8765,not_cyberbullying,age,36
combined,logistic_regression_c1,1,26295,8765,not_cyberbullying,ethnicity,11
combined,logistic_regression_c1,1,26295,8765,not_cyberbullying,gender,52
combined,logistic_regression_c1,1,26295,8765,not_cyberbullying,not_cyberbullying,855
combined,logistic_regression_c1,1,26295,8765,not_cyberbullying,other_cyberbullying,250
combined,logistic_regression_c1,1,26295,8765,not_cyberbullying,religion,58
combined,logistic_regression_c1,1,26295,8765,other_cyberbullying,age,14
combined,logistic_regression_c1,1,26295,8765,other_cyberbullying,ethnicity,5
combined,logistic_regression_c1,1,26295,8765,other_cyberbullying,gender,46
combined,logistic_regression_c1,1,26295,8765,other_cyberbullying,not_cyberbullying,189
combined,logistic_regression_c1,1,26295,8765,other_cyberbullying,other_cyberbullying,951
combined,logistic_regression_c1,1,26295,8765,other_cyberbullying,religion,4
combined,logistic_regression_c1,1,26295,8765,religion,age,1
combined,logistic_regression_c1,1,26295,8765,religion,ethnicity,0
combined,logistic_regression_c1,1,26295,8765,religion,gender,2
combined,logistic_regression_c1,1,26295,8765,religion,not_cyberbullying,39
combined,logistic_regression_c1,1,26295,8765,religion,other_cyberbullying,19
combined,logistic_regression_c1,1,26295,8765,religion,religion,1535
combined,logistic_regression_c1,2,26295,8765,age,age,1554
combined,logistic_regression_c1,2,26295,8765,age,ethnicity,1
combined,logistic_regression_c1,2,26295,8765,age,gender,2
combined,logistic_regression_c1,2,26295,8765,age,not_cyberbullying,15
combined,logistic_regression_c1,2,26295,8765,age,other_cyberbullying,18
combined,logistic_regression_c1,2,26295,8765,age,religion,2
combined,logistic_regression_c1,2,26295,8765,ethnicity,age,0
combined,logistic_regression_c1,2,26295,8765,ethnicity,ethnicity,1559
combined,logistic_regression_c1,2,26295,8765,ethnicity,gender,2
combined,logistic_regression_c1,2,26295,8765,ethnicity,not_cyberbullying,12
combined,logistic_regression_c1,2,26295,8765,ethnicity,other_cyberbullying,9
combined,logistic_regression_c1,2,26295,8765,ethnicity,religion,2
combined,logistic_regression_c1,2,26295,8765,gender,age,5
combined,logistic_regression_c1,2,26295,8765,gender,ethnicity,1
combined,logistic_regression_c1,2,26295,8765,gender,gender,1307
combined,logistic_regression_c1,2,26295,8765,gender,not_cyberbullying,98
combined,logistic_regression_c1,2,26295,8765,gender,other_cyberbullying,103
combined,logistic_regression_c1,2,26295,8765,gender,religion,8
combined,logistic_regression_c1,2,26295,8765,not_cyberbullying,age,43
combined,logistic_regression_c1,2,26295,8765,not_cyberbullying,ethnicity,8
combined,logistic_regression_c1,2,26295,8765,not_cyberbullying,gender,62
combined,logistic_regression_c1,2,26295,8765,not_cyberbullying,not_cyberbullying,836
combined,logistic_regression_c1,2,26295,8765,not_cyberbullying,other_cyberbullying,267
combined,logistic_regression_c1,2,26295,8765,not_cyberbullying,religion,47
combined,logistic_regression_c1,2,26295,8765,other_cyberbullying,age,12
combined,logistic_regression_c1,2,26295,8765,other_cyberbullying,ethnicity,11
combined,logistic_regression_c1,2,26295,8765,other_cyberbullying,gender,51
combined,logistic_regression_c1,2,26295,8765,other_cyberbullying,not_cyberbullying,188
combined,logistic_regression_c1,2,26295,8765,other_cyberbullying,other_cyberbullying,935
combined,logistic_regression_c1,2,26295,8765,other_cyberbullying,religion,12
combined,logistic_regression_c1,2,26295,8765,religion,age,0
combined,logistic_regression_c1,2,26295,8765,religion,ethnicity,1
combined,logistic_regression_c1,2,26295,8765,religion,gender,3
combined,logistic_regression_c1,2,26295,8765,religion,not_cyberbullying,61
combined,logistic_regression_c1,2,26295,8765,religion,other_cyberbullying,23
combined,logistic_regression_c1,2,26295,8765,religion,religion,1507
combined,logistic_regression_c1,3,26295,8765,age,age,1563
combined,logistic_regression_c1,3,26295,8765,age,ethnicity,2
combined,logistic_regression_c1,3,26295,8765,age,gender,0
combined,logistic_regression_c1,3,26295,8765,age,not_cyberbullying,15
combined,logistic_regression_c1,3,26295,8765,age,other_cyberbullying,12
combined,logistic_regression_c1,3,26295,8765,age,religion,1
combined,logistic_regression_c1,3,26295,8765,ethnicity,age,3
combined,logistic_regression_c1,3,26295,8765,ethnicity,ethnicity,1561
combined,logistic_regression_c1,3,26295,8765,ethnicity,gender,1
combined,logistic_regression_c1,3,26295,8765,ethnicity,not_cyberbullying,7
combined,logistic_regression_c1,3,26295,8765,ethnicity,other_cyberbullying,12
combined,logistic_regression_c1,3,26295,8765,ethnicity,religion,0
combined,logistic_regression_c1,3,26295,8765,gender,age,1
combined,logistic_regression_c1,3,26295,8765,gender,ethnicity,5
combined,logistic_regression_c1,3,26295,8765,gender,gender,1333
combined,logistic_regression_c1,3,26295,8765,gender,not_cyberbullying,101
combined,logistic_regression_c1,3,26295,8765,gender,other_cyberbullying,76
combined,logistic_regression_c1,3,26295,8765,gender,religion,6
combined,logistic_regression_c1,3,26295,8765,not_cyberbullying,age,27
combined,logistic_regression_c1,3,26295,8765,not_cyberbullying,ethnicity,10
combined,logistic_regression_c1,3,26295,8765,not_cyberbullying,gender,66
combined,logistic_regression_c1,3,26295,8765,not_cyberbullying,not_cyberbullying,837
combined,logistic_regression_c1,3,26295,8765,not_cyberbullying,other_cyberbullying,275
combined,logistic_regression_c1,3,26295,8765,not_cyberbullying,religion,48
combined,logistic_regression_c1,3,26295,8765,other_cyberbullying,age,24
combined,logistic_regression_c1,3,26295,8765,other_cyberbullying,ethnicity,3
combined,logistic_regression_c1,3,26295,8765,other_cyberbullying,gender,58
combined,logistic_regression_c1,3,26295,8765,other_cyberbullying,not_cyberbullying,188
combined,logistic_regression_c1,3,26295,8765,other_cyberbullying,other_cyberbullying,927
combined,logistic_regression_c1,3,26295,8765,other_cyberbullying,religion,8
combined,logistic_regression_c1,3,26295,8765,religion,age,1
combined,logistic_regression_c1,3,26295,8765,religion,ethnicity,2
combined,logistic_regression_c1,3,26295,8765,religion,gender,6
combined,logistic_regression_c1,3,26295,8765,religion,not_cyberbullying,33
combined,logistic_regression_c1,3,26295,8765,religion,other_cyberbullying,11
combined,logistic_regression_c1,3,26295,8765,religion,religion,1542
combined,logistic_regression_c1,4,26295,8765,age,age,1573
combined,logistic_regression_c1,4,26295,8765,age,ethnicity,0
combined,logistic_regression_c1,4,26295,8765,age,gender,2
combined,logistic_regression_c1,4,26295,8765,age,not_cyberbullying,10
combined,logistic_regression_c1,4,26295,8765,age,other_cyberbullying,7
combined,logistic_regression_c1,4,26295,8765,age,religion,0
combined,logistic_regression_c1,4,26295,8765,ethnicity,age,2
combined,logistic_regression_c1,4,26295,8765,ethnicity,ethnicity,1562
combined,logistic_regression_c1,4,26295,8765,ethnicity,gender,0
combined,logistic_regression_c1,4,26295,8765,ethnicity,not_cyberbullying,5
combined,logistic_regression_c1,4,26295,8765,ethnicity,other_cyberbullying,12
combined,logistic_regression_c1,4,26295,8765,ethnicity,religion,3
combined,logistic_regression_c1,4,26295,8765,gender,age,5
combined,logistic_regression_c1,4,26295,8765,gender,ethnicity,2
combined,logistic_regression_c1,4,26295,8765,gender,gender,1299
combined,logistic_regression_c1,4,26295,8765,gender,not_cyberbullying,102
combined,logistic_regression_c1,4,26295,8765,gender,other_cyberbullying,110
combined,logistic_regression_c1,4,26295,8765,gender,religion,5
combined,logistic_regression_c1,4,26295,8765,not_cyberbullying,age,46
combined,logistic_regression_c1,4,26295,8765,not_cyberbullying,ethnicity,10
combined,logistic_regression_c1,4,26295,8765,not_cyberbullying,gender,44
combined,logistic_regression_c1,4,26295,8765,not_cyberbullying,not_cyberbullying,817
combined,logistic_regression_c1,4,26295,8765,not_cyberbullying,other_cyberbullying,277
combined,logistic_regression_c1,4,26295,8765,not_cyberbullying,religion,69
combined,logistic_regression_c1,4,26295,8765,other_cyberbullying,age,16
combined,logistic_regression_c1,4,26295,8765,other_cyberbullying,ethnicity,7
combined,logistic_regression_c1,4,26295,8765,other_cyberbullying,gender,54
combined,logistic_regression_c1,4,26295,8765,other_cyberbullying,not_cyberbullying,189
combined,logistic_regression_c1,4,26295,8765,other_cyberbullying,other_cyberbullying,931
combined,logistic_regression_c1,4,26295,8765,other_cyberbullying,religion,11
combined,logistic_regression_c1,4,26295,8765,religion,age,2
combined,logistic_regression_c1,4,26295,8765,religion,ethnicity,1
combined,logistic_regression_c1,4,26295,8765,religion,gender,7
combined,logistic_regression_c1,4,26295,8765,religion,not_cyberbullying,38
combined,logistic_regression_c1,4,26295,8765,religion,other_cyberbullying,18
combined,logistic_regression_c1,4,26295,8765,religion,religion,1529
combined,logistic_regression_c1_balanced,1,26295,8765,age,age,1546
combined,logistic_regression_c1_balanced,1,26295,8765,age,ethnicity,0
combined,logistic_regression_c1_balanced,1,26295,8765,age,gender,2
combined,logistic_regression_c1_balanced,1,26295,8765,age,not_cyberbullying,30
combined,logistic_regression_c1_balanced,1,26295,8765,age,other_cyberbullying,13
combined,logistic_regression_c1_balanced,1,26295,8765,age,religion,1
combined,logistic_regression_c1_balanced,1,26295,8765,ethnicity,age,1
combined,logistic_regression_c1_balanced,1,26295,8765,ethnicity,ethnicity,1550
combined,logistic_regression_c1_balanced,1,26295,8765,ethnicity,gender,1
combined,logistic_regression_c1_balanced,1,26295,8765,ethnicity,not_cyberbullying,7
combined,logistic_regression_c1_balanced,1,26295,8765,ethnicity,other_cyberbullying,22
combined,logistic_regression_c1_balanced,1,26295,8765,ethnicity,religion,3
combined,logistic_regression_c1_balanced,1,26295,8765,gender,age,2
combined,logistic_regression_c1_balanced,1,26295,8765,gender,ethnicity,1
combined,logistic_regression_c1_balanced,1,26295,8765,gender,gender,1283
combined,logistic_regression_c1_balanced,1,26295,8765,gender,not_cyberbullying,132
combined,logistic_regression_c1_balanced,1,26295,8765,gender,other_cyberbullying,100
combined,logistic_regression_c1_balanced,1,26295,8765,gender,religion,4
combined,logistic_regression_c1_balanced,1,26295,8765,not_cyberbullying,age,32
combined,logistic_regression_c1_balanced,1,26295,8765,not_cyberbullying,ethnicity,8
combined,logistic_regression_c1_balanced,1,26295,8765,not_cyberbullying,gender,46
combined,logistic_regression_c1_balanced,1,26295,8765,not_cyberbullying,not_cyberbullying,872
combined,logistic_regression_c1_balanced,1,26295,8765,not_cyberbullying,other_cyberbullying,254
combined,logistic_regression_c1_balanced,1,26295,8765,not_cyberbullying,religion,50
combined,logistic_regression_c1_balanced,1,26295,8765,other_cyberbullying,age,11
combined,logistic_regression_c1_balanced,1,26295,8765,other_cyberbullying,ethnicity,6
combined,logistic_regression_c1_balanced,1,26295,8765,other_cyberbullying,gender,39
combined,logistic_regression_c1_balanced,1,26295,8765,other_cyberbullying,not_cyberbullying,186
combined,logistic_regression_c1_balanced,1,26295,8765,other_cyberbullying,other_cyberbullying,966
combined,logistic_regression_c1_balanced,1,26295,8765,other_cyberbullying,religion,1
combined,logistic_regression_c1_balanced,1,26295,8765,religion,age,1
combined,logistic_regression_c1_balanced,1,26295,8765,religion,ethnicity,0
combined,logistic_regression_c1_balanced,1,26295,8765,religion,gender,2
combined,logistic_regression_c1_balanced,1,26295,8765,religion,not_cyberbullying,47
combined,logistic_regression_c1_balanced,1,26295,8765,religion,other_cyberbullying,22
combined,logistic_regression_c1_balanced,1,26295,8765,religion,religion,1524
combined,logistic_regression_c1_balanced,2,26295,8765,age,age,1550
combined,logistic_regression_c1_balanced,2,26295,8765,age,ethnicity,1
combined,logistic_regression_c1_balanced,2,26295,8765,age,gender,2
combined,logistic_regression_c1_balanced,2,26295,8765,age,not_cyberbullying,17
combined,logistic_regression_c1_balanced,2,26295,8765,age,other_cyberbullying,20
combined,logistic_regression_c1_balanced,2,26295,8765,age,religion,2
combined,logistic_regression_c1_balanced,2,26295,8765,ethnicity,age,0
combined,logistic_regression_c1_balanced,2,26295,8765,ethnicity,ethnicity,1556
combined,logistic_regression_c1_balanced,2,26295,8765,ethnicity,gender,2
combined,logistic_regression_c1_balanced,2,26295,8765,ethnicity,not_cyberbullying,12
combined,logistic_regression_c1_balanced,2,26295,8765,ethnicity,other_cyberbullying,12
combined,logistic_regression_c1_balanced,2,26295,8765,ethnicity,religion,2
combined,logistic_regression_c1_balanced,2,26295,8765,gender,age,4
combined,logistic_regression_c1_balanced,2,26295,8765,gender,ethnicity,0
combined,logistic_regression_c1_balanced,2,26295,8765,gender,gender,1292
combined,logistic_regression_c1_balanced,2,26295,8765,gender,not_cyberbullying,104
combined,logistic_regression_c1_balanced,2,26295,8765,gender,other_cyberbullying,114
combined,logistic_regression_c1_balanced,2,26295,8765,gender,religion,8
combined,logistic_regression_c1_balanced,2,26295,8765,not_cyberbullying,age,42
combined,logistic_regression_c1_balanced,2,26295,8765,not_cyberbullying,ethnicity,8
combined,logistic_regression_c1_balanced,2,26295,8765,not_cyberbullying,gender,53
combined,logistic_regression_c1_balanced,2,26295,8765,not_cyberbullying,not_cyberbullying,842
combined,logistic_regression_c1_balanced,2,26295,8765,not_cyberbullying,other_cyberbullying,275
combined,logistic_regression_c1_balanced,2,26295,8765,not_cyberbullying,religion,43
combined,logistic_regression_c1_balanced,2,26295,8765,other_cyberbullying,age,11
combined,logistic_regression_c1_balanced,2,26295,8765,other_cyberbullying,ethnicity,7
combined,logistic_regression_c1_balanced,2,26295,8765,other_cyberbullying,gender,45
combined,logistic_regression_c1_balanced,2,26295,8765,other_cyberbullying,not_cyberbullying,182
combined,logistic_regression_c1_balanced,2,26295,8765,other_cyberbullying,other_cyberbullying,955
combined,logistic_regression_c1_balanced,2,26295,8765,other_cyberbullying,religion,9
combined,logistic_regression_c1_balanced,2,26295,8765,religion,age,0
combined,logistic_regression_c1_balanced,2,26295,8765,religion,ethnicity,1
combined,logistic_regression_c1_balanced,2,26295,8765,religion,gender,3
combined,logistic_regression_c1_balanced,2,26295,8765,religion,not_cyberbullying,64
combined,logistic_regression_c1_balanced,2,26295,8765,religion,other_cyberbullying,25
combined,logistic_regression_c1_balanced,2,26295,8765,religion,religion,1502
combined,logistic_regression_c1_balanced,3,26295,8765,age,age,1561
combined,logistic_regression_c1_balanced,3,26295,8765,age,ethnicity,2
combined,logistic_regression_c1_balanced,3,26295,8765,age,gender,0
combined,logistic_regression_c1_balanced,3,26295,8765,age,not_cyberbullying,16
combined,logistic_regression_c1_balanced,3,26295,8765,age,other_cyberbullying,13
combined,logistic_regression_c1_balanced,3,26295,8765,age,religion,1
combined,logistic_regression_c1_balanced,3,26295,8765,ethnicity,age,3
combined,logistic_regression_c1_balanced,3,26295,8765,ethnicity,ethnicity,1560
combined,logistic_regression_c1_balanced,3,26295,8765,ethnicity,gender,1
combined,logistic_regression_c1_balanced,3,26295,8765,ethnicity,not_cyberbullying,7
combined,logistic_regression_c1_balanced,3,26295,8765,ethnicity,other_cyberbullying,13
combined,logistic_regression_c1_balanced,3,26295,8765,ethnicity,religion,0
combined,logistic_regression_c1_balanced,3,26295,8765,gender,age,0
combined,logistic_regression_c1_balanced,3,26295,8765,gender,ethnicity,5
combined,logistic_regression_c1_balanced,3,26295,8765,gender,gender,1309
combined,logistic_regression_c1_balanced,3,26295,8765,gender,not_cyberbullying,116
combined,logistic_regression_c1_balanced,3,26295,8765,gender,other_cyberbullying,87
combined,logistic_regression_c1_balanced,3,26295,8765,gender,religion,5
combined,logistic_regression_c1_balanced,3,26295,8765,not_cyberbullying,age,24
combined,logistic_regression_c1_balanced,3,26295,8765,not_cyberbullying,ethnicity,9
combined,logistic_regression_c1_balanced,3,26295,8765,not_cyberbullying,gender,53
combined,logistic_regression_c1_balanced,3,26295,8765,not_cyberbullying,not_cyberbullying,849
combined,logistic_regression_c1_balanced,3,26295,8765,not_cyberbullying,other_cyberbullying,283
combined,logistic_regression_c1_balanced,3,26295,8765,not_cyberbullying,religion,45
combined,logistic_regression_c1_balanced,3,26295,8765,other_cyberbullying,age,20
combined,logistic_regression_c1_balanced,3,26295,8765,other_cyberbullying,ethnicity,3
combined,logistic_regression_c1_balanced,3,26295,8765,other_cyberbullying,gender,52
combined,logistic_regression_c1_balanced,3,26295,8765,other_cyberbullying,not_cyberbullying,187
combined,logistic_regression_c1_balanced,3,26295,8765,other_cyberbullying,other_cyberbullying,941
combined,logistic_regression_c1_balanced,3,26295,8765,other_cyberbullying,religion,5
combined,logistic_regression_c1_balanced,3,26295,8765,religion,age,1
combined,logistic_regression_c1_balanced,3,26295,8765,religion,ethnicity,1
combined,logistic_regression_c1_balanced,3,26295,8765,religion,gender,6
combined,logistic_regression_c1_balanced,3,26295,8765,religion,not_cyberbullying,38
combined,logistic_regression_c1_balanced,3,26295,8765,religion,other_cyberbullying,13
combined,logistic_regression_c1_balanced,3,26295,8765,religion,religion,1536
combined,logistic_regression_c1_balanced,4,26295,8765,age,age,1571
combined,logistic_regression_c1_balanced,4,26295,8765,age,ethnicity,0
combined,logistic_regression_c1_balanced,4,26295,8765,age,gender,1
combined,logistic_regression_c1_balanced,4,26295,8765,age,not_cyberbullying,12
combined,logistic_regression_c1_balanced,4,26295,8765,age,other_cyberbullying,8
combined,logistic_regression_c1_balanced,4,26295,8765,age,religion,0
combined,logistic_regression_c1_balanced,4,26295,8765,ethnicity,age,2
combined,logistic_regression_c1_balanced,4,26295,8765,ethnicity,ethnicity,1562
combined,logistic_regression_c1_balanced,4,26295,8765,ethnicity,gender,0
combined,logistic_regression_c1_balanced,4,26295,8765,ethnicity,not_cyberbullying,5
combined,logistic_regression_c1_balanced,4,26295,8765,ethnicity,other_cyberbullying,12
combined,logistic_regression_c1_balanced,4,26295,8765,ethnicity,religion,3
combined,logistic_regression_c1_balanced,4,26295,8765,gender,age,4
combined,logistic_regression_c1_balanced,4,26295,8765,gender,ethnicity,2
combined,logistic_regression_c1_balanced,4,26295,8765,gender,gender,1293
combined,logistic_regression_c1_balanced,4,26295,8765,gender,not_cyberbullying,105
combined,logistic_regression_c1_balanced,4,26295,8765,gender,other_cyberbullying,115
combined,logistic_regression_c1_balanced,4,26295,8765,gender,religion,4
combined,logistic_regression_c1_balanced,4,26295,8765,not_cyberbullying,age,40
combined,logistic_regression_c1_balanced,4,26295,8765,not_cyberbullying,ethnicity,8
combined,logistic_regression_c1_balanced,4,26295,8765,not_cyberbullying,gender,34
combined,logistic_regression_c1_balanced,4,26295,8765,not_cyberbullying,not_cyberbullying,833
combined,logistic_regression_c1_balanced,4,26295,8765,not_cyberbullying,other_cyberbullying,291
combined,logistic_regression_c1_balanced,4,26295,8765,not_cyberbullying,religion,57
combined,logistic_regression_c1_balanced,4,26295,8765,other_cyberbullying,age,15
combined,logistic_regression_c1_balanced,4,26295,8765,other_cyberbullying,ethnicity,6
combined,logistic_regression_c1_balanced,4,26295,8765,other_cyberbullying,gender,48
combined,logistic_regression_c1_balanced,4,26295,8765,other_cyberbullying,not_cyberbullying,187
combined,logistic_regression_c1_balanced,4,26295,8765,other_cyberbullying,other_cyberbullying,944
combined,logistic_regression_c1_balanced,4,26295,8765,other_cyberbullying,religion,8
combined,logistic_regression_c1_balanced,4,26295,8765,religion,age,2
combined,logistic_regression_c1_balanced,4,26295,8765,religion,ethnicity,1
combined,logistic_regression_c1_balanced,4,26295,8765,religion,gender,7
combined,logistic_regression_c1_balanced,4,26295,8765,religion,not_cyberbullying,40
combined,logistic_regression_c1_balanced,4,26295,8765,religion,other_cyberbullying,20
combined,logistic_regression_c1_balanced,4,26295,8765,religion,religion,1525
combined,logistic_regression_c2,1,26295,8765,age,age,1550
combined,logistic_regression_c2,1,26295,8765,age,ethnicity,0
combined,logistic_regression_c2,1,26295,8765,age,gender,2
combined,logistic_regression_c2,1,26295,8765,age,not_cyberbullying,27
combined,logistic_regression_c2,1,26295,8765,age,other_cyberbullying,12
combined,logistic_regression_c2,1,26295,8765,age,religion,1
combined,logistic_regression_c2,1,26295,8765,ethnicity,age,1
combined,logistic_regression_c2,1,26295,8765,ethnicity,ethnicity,1554
combined,logistic_regression_c2,1,26295,8765,ethnicity,gender,2
combined,logistic_regression_c2,1,26295,8765,ethnicity,not_cyberbullying,6
combined,logistic_regression_c2,1,26295,8765,ethnicity,other_cyberbullying,19
combined,logistic_regression_c2,1,26295,8765,ethnicity,religion,2
combined,logistic_regression_c2,1,26295,8765,gender,age,1
combined,logistic_regression_c2,1,26295,8765,gender,ethnicity,2
combined,logistic_regression_c2,1,26295,8765,gender,gender,1301
combined,logistic_regression_c2,1,26295,8765,gender,not_cyberbullying,124
combined,logistic_regression_c2,1,26295,8765,gender,other_cyberbullying,89
combined,logistic_regression_c2,1,26295,8765,gender,religion,5
combined,logistic_regression_c2,1,26295,8765,not_cyberbullying,age,33
combined,logistic_regression_c2,1,26295,8765,not_cyberbullying,ethnicity,8
combined,logistic_regression_c2,1,26295,8765,not_cyberbullying,gender,52
combined,logistic_regression_c2,1,26295,8765,not_cyberbullying,not_cyberbullying,870
combined,logistic_regression_c2,1,26295,8765,not_cyberbullying,other_cyberbullying,243
combined,logistic_regression_c2,1,26295,8765,not_cyberbullying,religion,56
combined,logistic_regression_c2,1,26295,8765,other_cyberbullying,age,14
combined,logistic_regression_c2,1,26295,8765,other_cyberbullying,ethnicity,7
combined,logistic_regression_c2,1,26295,8765,other_cyberbullying,gender,47
combined,logistic_regression_c2,1,26295,8765,other_cyberbullying,not_cyberbullying,203
combined,logistic_regression_c2,1,26295,8765,other_cyberbullying,other_cyberbullying,937
combined,logistic_regression_c2,1,26295,8765,other_cyberbullying,religion,1
combined,logistic_regression_c2,1,26295,8765,religion,age,1
combined,logistic_regression_c2,1,26295,8765,religion,ethnicity,0
combined,logistic_regression_c2,1,26295,8765,religion,gender,3
combined,logistic_regression_c2,1,26295,8765,religion,not_cyberbullying,38
combined,logistic_regression_c2,1,26295,8765,religion,other_cyberbullying,19
combined,logistic_regression_c2,1,26295,8765,religion,religion,1535
combined,logistic_regression_c2,2,26295,8765,age,age,1551
combined,logistic_regression_c2,2,26295,8765,age,ethnicity,1
combined,logistic_regression_c2,2,26295,8765,age,gender,2
combined,logistic_regression_c2,2,26295,8765,age,not_cyberbullying,18
combined,logistic_regression_c2,2,26295,8765,age,other_cyberbullying,19
combined,logistic_regression_c2,2,26295,8765,age,religion,1
combined,logistic_regression_c2,2,26295,8765,ethnicity,age,0
combined,logistic_regression_c2,2,26295,8765,ethnicity,ethnicity,1558
combined,logistic_regression_c2,2,26295,8765,ethnicity,gender,3
combined,logistic_regression_c2,2,26295,8765,ethnicity,not_cyberbullying,13
combined,logistic_regression_c2,2,26295,8765,ethnicity,other_cyberbullying,8
combined,logistic_regression_c2,2,26295,8765,ethnicity,religion,2
combined,logistic_regression_c2,2,26295,8765,gender,age,5
combined,logistic_regression_c2,2,26295,8765,gender,ethnicity,1
combined,logistic_regression_c2,2,26295,8765,gender,gender,1317
combined,logistic_regression_c2,2,26295,8765,gender,not_cyberbullying,96
combined,logistic_regression_c2,2,26295,8765,gender,other_cyberbullying,95
combined,logistic_regression_c2,2,26295,8765,gender,religion,8
combined,logistic_regression_c2,2,26295,8765,not_cyberbullying,age,41
combined,logistic_regression_c2,2,26295,8765,not_cyberbullying,ethnicity,9
combined,logistic_regression_c2,2,26295,8765,not_cyberbullying,gender,68
combined,logistic_regression_c2,2,26295,8765,not_cyberbullying,not_cyberbullying,837
combined,logistic_regression_c2,2,26295,8765,not_cyberbullying,other_cyberbullying,263
combined,logistic_regression_c2,2,26295,8765,not_cyberbullying,religion,45
combined,logistic_regression_c2,2,26295,8765,other_cyberbullying,age,13
combined,logistic_regression_c2,2,26295,8765,other_cyberbullying,ethnicity,11
combined,logistic_regression_c2,2,26295,8765,other_cyberbullying,gender,50
combined,logistic_regression_c2,2,26295,8765,other_cyberbullying,not_cyberbullying,197
combined,logistic_regression_c2,2,26295,8765,other_cyberbullying,other_cyberbullying,928
combined,logistic_regression_c2,2,26295,8765,other_cyberbullying,religion,10
combined,logistic_regression_c2,2,26295,8765,religion,age,0
combined,logistic_regression_c2,2,26295,8765,religion,ethnicity,1
combined,logistic_regression_c2,2,26295,8765,religion,gender,3
combined,logistic_regression_c2,2,26295,8765,religion,not_cyberbullying,63
combined,logistic_regression_c2,2,26295,8765,religion,other_cyberbullying,21
combined,logistic_regression_c2,2,26295,8765,religion,religion,1507
combined,logistic_regression_c2,3,26295,8765,age,age,1564
combined,logistic_regression_c2,3,26295,8765,age,ethnicity,2
combined,logistic_regression_c2,3,26295,8765,age,gender,0
combined,logistic_regression_c2,3,26295,8765,age,not_cyberbullying,15
combined,logistic_regression_c2,3,26295,8765,age,other_cyberbullying,11
combined,logistic_regression_c2,3,26295,8765,age,religion,1
combined,logistic_regression_c2,3,26295,8765,ethnicity,age,2
combined,logistic_regression_c2,3,26295,8765,ethnicity,ethnicity,1563
combined,logistic_regression_c2,3,26295,8765,ethnicity,gender,1
combined,logistic_regression_c2,3,26295,8765,ethnicity,not_cyberbullying,8
combined,logistic_regression_c2,3,26295,8765,ethnicity,other_cyberbullying,10
combined,logistic_regression_c2,3,26295,8765,ethnicity,religion,0
combined,logistic_regression_c2,3,26295,8765,gender,age,1
combined,logistic_regression_c2,3,26295,8765,gender,ethnicity,5
combined,logistic_regression_c2,3,26295,8765,gender,gender,1335
combined,logistic_regression_c2,3,26295,8765,gender,not_cyberbullying,100
combined,logistic_regression_c2,3,26295,8765,gender,other_cyberbullying,75
combined,logistic_regression_c2,3,26295,8765,gender,religion,6
combined,logistic_regression_c2,3,26295,8765,not_cyberbullying,age,26
combined,logistic_regression_c2,3,26295,8765,not_cyberbullying,ethnicity,11
combined,logistic_regression_c2,3,26295,8765,not_cyberbullying,gender,65
combined,logistic_regression_c2,3,26295,8765,not_cyberbullying,not_cyberbullying,847
combined,logistic_regression_c2,3,26295,8765,not_cyberbullying,other_cyberbullying,264
combined,logistic_regression_c2,3,26295,8765,not_cyberbullying,religion,50
combined,logistic_regression_c2,3,26295,8765,other_cyberbullying,age,23
combined,logistic_regression_c2,3,26295,8765,other_cyberbullying,ethnicity,4
combined,logistic_regression_c2,3,26295,8765,other_cyberbullying,gender,64
combined,logistic_regression_c2,3,26295,8765,other_cyberbullying,not_cyberbullying,199
combined,logistic_regression_c2,3,26295,8765,other_cyberbullying,other_cyberbullying,912
combined,logistic_regression_c2,3,26295,8765,other_cyberbullying,religion,6
combined,logistic_regression_c2,3,26295,8765,religion,age,1
combined,logistic_regression_c2,3,26295,8765,religion,ethnicity,2
combined,logistic_regression_c2,3,26295,8765,religion,gender,8
combined,logistic_regression_c2,3,26295,8765,religion,not_cyberbullying,34
combined,logistic_regression_c2,3,26295,8765,religion,other_cyberbullying,8
combined,logistic_regression_c2,3,26295,8765,religion,religion,1542
combined,logistic_regression_c2,4,26295,8765,age,age,1573
combined,logistic_regression_c2,4,26295,8765,age,ethnicity,0
combined,logistic_regression_c2,4,26295,8765,age,gender,2
combined,logistic_regression_c2,4,26295,8765,age,not_cyberbullying,10
combined,logistic_regression_c2,4,26295,8765,age,other_cyberbullying,7
combined,logistic_regression_c2,4,26295,8765,age,religion,0
combined,logistic_regression_c2,4,26295,8765,ethnicity,age,2
combined,logistic_regression_c2,4,26295,8765,ethnicity,ethnicity,1562
combined,logistic_regression_c2,4,26295,8765,ethnicity,gender,0
combined,logistic_regression_c2,4,26295,8765,ethnicity,not_cyberbullying,6
combined,logistic_regression_c2,4,26295,8765,ethnicity,other_cyberbullying,11
combined,logistic_regression_c2,4,26295,8765,ethnicity,religion,3
combined,logistic_regression_c2,4,26295,8765,gender,age,5
combined,logistic_regression_c2,4,26295,8765,gender,ethnicity,2
combined,logistic_regression_c2,4,26295,8765,gender,gender,1314
combined,logistic_regression_c2,4,26295,8765,gender,not_cyberbullying,97
combined,logistic_regression_c2,4,26295,8765,gender,other_cyberbullying,100
combined,logistic_regression_c2,4,26295,8765,gender,religion,5
combined,logistic_regression_c2,4,26295,8765,not_cyberbullying,age,43
combined,logistic_regression_c2,4,26295,8765,not_cyberbullying,ethnicity,10
combined,logistic_regression_c2,4,26295,8765,not_cyberbullying,gender,43
combined,logistic_regression_c2,4,26295,8765,not_cyberbullying,not_cyberbullying,824
combined,logistic_regression_c2,4,26295,8765,not_cyberbullying,other_cyberbullying,277
combined,logistic_regression_c2,4,26295,8765,not_cyberbullying,religion,66
combined,logistic_regression_c2,4,26295,8765,other_cyberbullying,age,15
combined,logistic_regression_c2,4,26295,8765,other_cyberbullying,ethnicity,7
combined,logistic_regression_c2,4,26295,8765,other_cyberbullying,gender,52
combined,logistic_regression_c2,4,26295,8765,other_cyberbullying,not_cyberbullying,205
combined,logistic_regression_c2,4,26295,8765,other_cyberbullying,other_cyberbullying,920
combined,logistic_regression_c2,4,26295,8765,other_cyberbullying,religion,9
combined,logistic_regression_c2,4,26295,8765,religion,age,2
combined,logistic_regression_c2,4,26295,8765,religion,ethnicity,1
combined,logistic_regression_c2,4,26295,8765,religion,gender,9
combined,logistic_regression_c2,4,26295,8765,religion,not_cyberbullying,41
combined,logistic_regression_c2,4,26295,8765,religion,other_cyberbullying,15
combined,logistic_regression_c2,4,26295,8765,religion,religion,1527
combined,multinomial_nb,1,26295,8765,age,age,1570
combined,multinomial_nb,1,26295,8765,age,ethnicity,5
combined,multinomial_nb,1,26295,8765,age,gender,6
combined,multinomial_nb,1,26295,8765,age,not_cyberbullying,6
combined,multinomial_nb,1,26295,8765,age,other_cyberbullying,0
combined,multinomial_nb,1,26295,8765,age,religion,5
combined,multinomial_nb,1,26295,8765,ethnicity,age,72
combined,multinomial_nb,1,26295,8765,ethnicity,ethnicity,1412
combined,multinomial_nb,1,26295,8765,ethnicity,gender,5
combined,multinomial_nb,1,26295,8765,ethnicity,not_cyberbullying,4
combined,multinomial_nb,1,26295,8765,ethnicity,other_cyberbullying,4
combined,multinomial_nb,1,26295,8765,ethnicity,religion,87
combined,multinomial_nb,1,26295,8765,gender,age,18
combined,multinomial_nb,1,26295,8765,gender,ethnicity,47
combined,multinomial_nb,1,26295,8765,gender,gender,1300
combined,multinomial_nb,1,26295,8765,gender,not_cyberbullying,87
combined,multinomial_nb,1,26295,8765,gender,other_cyberbullying,27
combined,multinomial_nb,1,26295,8765,gender,religion,43
combined,multinomial_nb,1,26295,8765,not_cyberbullying,age,200
combined,multinomial_nb,1,26295,8765,not_cyberbullying,ethnicity,94
combined,multinomial_nb,1,26295,8765,not_cyberbullying,gender,128
combined,multinomial_nb,1,26295,8765,not_cyberbullying,not_cyberbullying,543
combined,multinomial_nb,1,26295,8765,not_cyberbullying,other_cyberbullying,92
combined,multinomial_nb,1,26295,8765,not_cyberbullying,religion,205
combined,multinomial_nb,1,26295,8765,other_cyberbullying,age,203
combined,multinomial_nb,1,26295,8765,other_cyberbullying,ethnicity,147
combined,multinomial_nb,1,26295,8765,other_cyberbullying,gender,168
combined,multinomial_nb,1,26295,8765,other_cyberbullying,not_cyberbullying,94
combined,multinomial_nb,1,26295,8765,other_cyberbullying,other_cyberbullying,441
combined,multinomial_nb,1,26295,8765,other_cyberbullying,religion,156
combined,multinomial_nb,1,26295,8765,religion,age,4
combined,multinomial_nb,1,26295,8765,religion,ethnicity,5
combined,multinomial_nb,1,26295,8765,religion,gender,4
combined,multinomial_nb,1,26295,8765,religion,not_cyberbullying,3
combined,multinomial_nb,1,26295,8765,religion,other_cyberbullying,1
combined,multinomial_nb,1,26295,8765,religion,religion,1579
combined,multinomial_nb,2,26295,8765,age,age,1562
combined,multinomial_nb,2,26295,8765,age,ethnicity,11
combined,multinomial_nb,2,26295,8765,age,gender,3
combined,multinomial_nb,2,26295,8765,age,not_cyberbullying,3
combined,multinomial_nb,2,26295,8765,age,other_cyberbullying,1
combined,multinomial_nb,2,26295,8765,age,religion,12
combined,multinomial_nb,2,26295,8765,ethnicity,age,56
combined,multinomial_nb,2,26295,8765,ethnicity,ethnicity,1440
combined,multinomial_nb,2,26295,8765,ethnicity,gender,3
combined,multinomial_nb,2,26295,8765,ethnicity,not_cyberbullying,3
combined,multinomial_nb,2,26295,8765,ethnicity,other_cyberbullying,1
combined,multinomial_nb,2,26295,8765,ethnicity,religion,81
combined,multinomial_nb,2,26295,8765,gender,age,26
combined,multinomial_nb,2,26295,8765,gender,ethnicity,30
combined,multinomial_nb,2,26295,8765,gender,gender,1312
combined,multinomial_nb,2,26295,8765,gender,not_cyberbullying,82
combined,multinomial_nb,2,26295,8765,gender,other_cyberbullying,33
combined,multinomial_nb,2,26295,8765,gender,religion,39
combined,multinomial_nb,2,26295,8765,not_cyberbullying,age,200
combined,multinomial_nb,2,26295,8765,not_cyberbullying,ethnicity,87
combined,multinomial_nb,2,26295,8765,not_cyberbullying,gender,127
combined,multinomial_nb,2,26295,8765,not_cyberbullying,not_cyberbullying,551
combined,multinomial_nb,2,26295,8765,not_cyberbullying,other_cyberbullying,90
combined,multinomial_nb,2,26295,8765,not_cyberbullying,religion,208
combined,multinomial_nb,2,26295,8765,other_cyberbullying,age,200
combined,multinomial_nb,2,26295,8765,other_cyberbullying,ethnicity,155
combined,multinomial_nb,2,26295,8765,other_cyberbullying,gender,172
combined,multinomial_nb,2,26295,8765,other_cyberbullying,not_cyberbullying,71
combined,multinomial_nb,2,26295,8765,other_cyberbullying,other_cyberbullying,443
combined,multinomial_nb,2,26295,8765,other_cyberbullying,religion,168
combined,multinomial_nb,2,26295,8765,religion,age,3
combined,multinomial_nb,2,26295,8765,religion,ethnicity,5
combined,multinomial_nb,2,26295,8765,religion,gender,1
combined,multinomial_nb,2,26295,8765,religion,not_cyberbullying,6
combined,multinomial_nb,2,26295,8765,religion,other_cyberbullying,3
combined,multinomial_nb,2,26295,8765,religion,religion,1577
combined,multinomial_nb,3,26295,8765,age,age,1573
combined,multinomial_nb,3,26295,8765,age,ethnicity,7
combined,multinomial_nb,3,26295,8765,age,gender,3
combined,multinomial_nb,3,26295,8765,age,not_cyberbullying,3
combined,multinomial_nb,3,26295,8765,age,other_cyberbullying,0
combined,multinomial_nb,3,26295,8765,age,religion,7
combined,multinomial_nb,3,26295,8765,ethnicity,age,72
combined,multinomial_nb,3,26295,8765,ethnicity,ethnicity,1413
combined,multinomial_nb,3,26295,8765,ethnicity,gender,9
combined,multinomial_nb,3,26295,8765,ethnicity,not_cyberbullying,1
combined,multinomial_nb,3,26295,8765,ethnicity,other_cyberbullying,5
combined,multinomial_nb,3,26295,8765,ethnicity,religion,84
combined,multinomial_nb,3,26295,8765,gender,age,13
combined,multinomial_nb,3,26295,8765,gender,ethnicity,42
combined,multinomial_nb,3,26295,8765,gender,gender,1296
combined,multinomial_nb,3,26295,8765,gender,not_cyberbullying,89
combined,multinomial_nb,3,26295,8765,gender,other_cyberbullying,30
combined,multinomial_nb,3,26295,8765,gender,religion,52
combined,multinomial_nb,3,26295,8765,not_cyberbullying,age,189
combined,multinomial_nb,3,26295,8765,not_cyberbullying,ethnicity,90
combined,multinomial_nb,3,26295,8765,not_cyberbullying,gender,123
combined,multinomial_nb,3,26295,8765,not_cyberbullying,not_cyberbullying,560
combined,multinomial_nb,3,26295,8765,not_cyberbullying,other_cyberbullying,117
combined,multinomial_nb,3,26295,8765,not_cyberbullying,religion,184
combined,multinomial_nb,3,26295,8765,other_cyberbullying,age,230
combined,multinomial_nb,3,26295,8765,other_cyberbullying,ethnicity,121
combined,multinomial_nb,3,26295,8765,other_cyberbullying,gender,180
combined,multinomial_nb,3,26295,8765,other_cyberbullying,not_cyberbullying,67
combined,multinomial_nb,3,26295,8765,other_cyberbullying,other_cyberbullying,432
combined,multinomial_nb,3,26295,8765,other_cyberbullying,religion,178
combined,multinomial_nb,3,26295,8765,religion,age,7
combined,multinomial_nb,3,26295,8765,religion,ethnicity,4
combined,multinomial_nb,3,26295,8765,religion,gender,10
combined,multinomial_nb,3,26295,8765,religion,not_cyberbullying,3
combined,multinomial_nb,3,26295,8765,religion,other_cyberbullying,1
combined,multinomial_nb,3,26295,8765,religion,religion,1570
combined,multinomial_nb,4,26295,8765,age,age,1577
combined,multinomial_nb,4,26295,8765,age,ethnicity,2
combined,multinomial_nb,4,26295,8765,age,gender,3
combined,multinomial_nb,4,26295,8765,age,not_cyberbullying,2
combined,multinomial_nb,4,26295,8765,age,other_cyberbullying,1
combined,multinomial_nb,4,26295,8765,age,religion,7
combined,multinomial_nb,4,26295,8765,ethnicity,age,69
combined,multinomial_nb,4,26295,8765,ethnicity,ethnicity,1433
combined,multinomial_nb,4,26295,8765,ethnicity,gender,3
combined,multinomial_nb,4,26295,8765,ethnicity,not_cyberbullying,1
combined,multinomial_nb,4,26295,8765,ethnicity,other_cyberbullying,5
combined,multinomial_nb,4,26295,8765,ethnicity,religion,73
combined,multinomial_nb,4,26295,8765,gender,age,32
combined,multinomial_nb,4,26295,8765,gender,ethnicity,35
combined,multinomial_nb,4,26295,8765,gender,gender,1315
combined,multinomial_nb,4,26295,8765,gender,not_cyberbullying,59
combined,multinomial_nb,4,26295,8765,gender,other_cyberbullying,31
combined,multinomial_nb,4,26295,8765,gender,religion,51
combined,multinomial_nb,4,26295,8765,not_cyberbullying,age,212
combined,multinomial_nb,4,26295,8765,not_cyberbullying,ethnicity,87
combined,multinomial_nb,4,26295,8765,not_cyberbullying,gender,101
combined,multinomial_nb,4,26295,8765,not_cyberbullying,not_cyberbullying,540
combined,multinomial_nb,4,26295,8765,not_cyberbullying,other_cyberbullying,113
combined,multinomial_nb,4,26295,8765,not_cyberbullying,religion,210
combined,multinomial_nb,4,26295,8765,other_cyberbullying,age,228
combined,multinomial_nb,4,26295,8765,other_cyberbullying,ethnicity,139
combined,multinomial_nb,4,26295,8765,other_cyberbullying,gender,163
combined,multinomial_nb,4,26295,8765,other_cyberbullying,not_cyberbullying,81
combined,multinomial_nb,4,26295,8765,other_cyberbullying,other_cyberbullying,435
combined,multinomial_nb,4,26295,8765,other_cyberbullying,religion,162
combined,multinomial_nb,4,26295,8765,religion,age,6
combined,multinomial_nb,4,26295,8765,religion,ethnicity,4
combined,multinomial_nb,4,26295,8765,religion,gender,5
combined,multinomial_nb,4,26295,8765,religion,not_cyberbullying,6
combined,multinomial_nb,4,26295,8765,religion,other_cyberbullying,1
combined,multinomial_nb,4,26295,8765,religion,religion,1573
combined,random_forest,1,26295,8765,age,age,1563
combined,random_forest,1,26295,8765,age,ethnicity,0
combined,random_forest,1,26295,8765,age,gender,1
combined,random_forest,1,26295,8765,age,not_cyberbullying,10
combined,random_forest,1,26295,8765,age,other_cyberbullying,17
combined,random_forest,1,26295,8765,age,religion,1
combined,random_forest,1,26295,8765,ethnicity,age,4
combined,random_forest,1,26295,8765,ethnicity,ethnicity,1539
combined,random_forest,1,26295,8765,ethnicity,gender,3
combined,random_forest,1,26295,8765,ethnicity,not_cyberbullying,11
combined,random_forest,1,26295,8765,ethnicity,other_cyberbullying,22
combined,random_forest,1,26295,8765,ethnicity,religion,5
combined,random_forest,1,26295,8765,gender,age,1
combined,random_forest,1,26295,8765,gender,ethnicity,2
combined,random_forest,1,26295,8765,gender,gender,1221
combined,random_forest,1,26295,8765,gender,not_cyberbullying,124
combined,random_forest,1,26295,8765,gender,other_cyberbullying,172
combined,random_forest,1,26295,8765,gender,religion,2
combined,random_forest,1,26295,8765,not_cyberbullying,age,44
combined,random_forest,1,26295,8765,not_cyberbullying,ethnicity,8
combined,random_forest,1,26295,8765,not_cyberbullying,gender,29
combined,random_forest,1,26295,8765,not_cyberbullying,not_cyberbullying,618
combined,random_forest,1,26295,8765,not_cyberbullying,other_cyberbullying,514
combined,random_forest,1,26295,8765,not_cyberbullying,religion,49
combined,random_forest,1,26295,8765,other_cyberbullying,age,11
combined,random_forest,1,26295,8765,other_cyberbullying,ethnicity,6
combined,random_forest,1,26295,8765,other_cyberbullying,gender,40
combined,random_forest,1,26295,8765,other_cyberbullying,not_cyberbullying,115
combined,random_forest,1,26295,8765,other_cyberbullying,other_cyberbullying,1034
combined,random_forest,1,26295,8765,other_cyberbullying,religion,3
combined,random_forest,1,26295,8765,religion,age,1
combined,random_forest,1,26295,8765,religion,ethnicity,0
combined,random_forest,1,26295,8765,religion,gender,1
combined,random_forest,1,26295,8765,religion,not_cyberbullying,12
combined,random_forest,1,26295,8765,religion,other_cyberbullying,47
combined,random_forest,1,26295,8765,religion,religion,1535
combined,random_forest,2,26295,8765,age,age,1554
combined,random_forest,2,26295,8765,age,ethnicity,1
combined,random_forest,2,26295,8765,age,gender,0
combined,random_forest,2,26295,8765,age,not_cyberbullying,13
combined,random_forest,2,26295,8765,age,other_cyberbullying,23
combined,random_forest,2,26295,8765,age,religion,1
combined,random_forest,2,26295,8765,ethnicity,age,5
combined,random_forest,2,26295,8765,ethnicity,ethnicity,1549
combined,random_forest,2,26295,8765,ethnicity,gender,2
combined,random_forest,2,26295,8765,ethnicity,not_cyberbullying,6
combined,random_forest,2,26295,8765,ethnicity,other_cyberbullying,13
combined,random_forest,2,26295,8765,ethnicity,religion,9
combined,random_forest,2,26295,8765,gender,age,4
combined,random_forest,2,26295,8765,gender,ethnicity,2
combined,random_forest,2,26295,8765,gender,gender,1235
combined,random_forest,2,26295,8765,gender,not_cyberbullying,132
combined,random_forest,2,26295,8765,gender,other_cyberbullying,146
combined,random_forest,2,26295,8765,gender,religion,3
combined,random_forest,2,26295,8765,not_cyberbullying,age,38
combined,random_forest,2,26295,8765,not_cyberbullying,ethnicity,9
combined,random_forest,2,26295,8765,not_cyberbullying,gender,25
combined,random_forest,2,26295,8765,not_cyberbullying,not_cyberbullying,649
combined,random_forest,2,26295,8765,not_cyberbullying,other_cyberbullying,497
combined,random_forest,2,26295,8765,not_cyberbullying,religion,45
combined,random_forest,2,26295,8765,other_cyberbullying,age,10
combined,random_forest,2,26295,8765,other_cyberbullying,ethnicity,9
combined,random_forest,2,26295,8765,other_cyberbullying,gender,47
combined,random_forest,2,26295,8765,other_cyberbullying,not_cyberbullying,102
combined,random_forest,2,26295,8765,other_cyberbullying,other_cyberbullying,1038
combined,random_forest,2,26295,8765,other_cyberbullying,religion,3
combined,random_forest,2,26295,8765,religion,age,1
combined,random_forest,2,26295,8765,religion,ethnicity,0
combined,random_forest,2,26295,8765,religion,gender,5
combined,random_forest,2,26295,8765,religion,not_cyberbullying,16
combined,random_forest,2,26295,8765,religion,other_cyberbullying,83
combined,random_forest,2,26295,8765,religion,religion,1490
combined,random_forest,3,26295,8765,age,age,1568
combined,random_forest,3,26295,8765,age,ethnicity,1
combined,random_forest,3,26295,8765,age,gender,1
combined,random_forest,3,26295,8765,age,not_cyberbullying,9
combined,random_forest,3,26295,8765,age,other_cyberbullying,14
combined,random_forest,3,26295,8765,age,religion,0
combined,random_forest,3,26295,8765,ethnicity,age,5
combined,random_forest,3,26295,8765,ethnicity,ethnicity,1554
combined,random_forest,3,26295,8765,ethnicity,gender,1
combined,random_forest,3,26295,8765,ethnicity,not_cyberbullying,4
combined,random_forest,3,26295,8765,ethnicity,other_cyberbullying,15
combined,random_forest,3,26295,8765,ethnicity,religion,5
combined,random_forest,3,26295,8765,gender,age,1
combined,random_forest,3,26295,8765,gender,ethnicity,2
combined,random_forest,3,26295,8765,gender,gender,1255
combined,random_forest,3,26295,8765,gender,not_cyberbullying,114
combined,random_forest,3,26295,8765,gender,other_cyberbullying,147
combined,random_forest,3,26295,8765,gender,religion,3
combined,random_forest,3,26295,8765,not_cyberbullying,age,30
combined,random_forest,3,26295,8765,not_cyberbullying,ethnicity,11
combined,random_forest,3,26295,8765,not_cyberbullying,gender,42
combined,random_forest,3,26295,8765,not_cyberbullying,not_cyberbullying,650
combined,random_forest,3,26295,8765,not_cyberbullying,other_cyberbullying,480
combined,random_forest,3,26295,8765,not_cyberbullying,religion,50
combined,random_forest,3,26295,8765,other_cyberbullying,age,22
combined,random_forest,3,26295,8765,other_cyberbullying,ethnicity,6
combined,random_forest,3,26295,8765,other_cyberbullying,gender,52
combined,random_forest,3,26295,8765,other_cyberbullying,not_cyberbullying,107
combined,random_forest,3,26295,8765,other_cyberbullying,other_cyberbullying,1015
combined,random_forest,3,26295,8765,other_cyberbullying,religion,6
combined,random_forest,3,26295,8765,religion,age,1
combined,random_forest,3,26295,8765,religion,ethnicity,3
combined,random_forest,3,26295,8765,religion,gender,6
combined,random_forest,3,26295,8765,religion,not_cyberbullying,7
combined,random_forest,3,26295,8765,religion,other_cyberbullying,55
combined,random_forest,3,26295,8765,religion,religion,1523
combined,random_forest,4,26295,8765,age,age,1573
combined,random_forest,4,26295,8765,age,ethnicity,1
combined,random_forest,4,26295,8765,age,gender,0
combined,random_forest,4,26295,8765,age,not_cyberbullying,6
combined,random_forest,4,26295,8765,age,other_cyberbullying,12
combined,random_forest,4,26295,8765,age,religion,0
combined,random_forest,4,26295,8765,ethnicity,age,6
combined,random_forest,4,26295,8765,ethnicity,ethnicity,1560
combined,random_forest,4,26295,8765,ethnicity,gender,1
combined,random_forest,4,26295,8765,ethnicity,not_cyberbullying,2
combined,random_forest,4,26295,8765,ethnicity,other_cyberbullying,13
combined,random_forest,4,26295,8765,ethnicity,religion,2
combined,random_forest,4,26295,8765,gender,age,4
combined,random_forest,4,26295,8765,gender,ethnicity,0
combined,random_forest,4,26295,8765,gender,gender,1234
combined,random_forest,4,26295,8765,gender,not_cyberbullying,107
combined,random_forest,4,26295,8765,gender,other_cyberbullying,175
combined,random_forest,4,26295,8765,gender,religion,3
combined,random_forest,4,26295,8765,not_cyberbullying,age,40
combined,random_forest,4,26295,8765,not_cyberbullying,ethnicity,8
combined,random_forest,4,26295,8765,not_cyberbullying,gender,16
combined,random_forest,4,26295,8765,not_cyberbullying,not_cyberbullying,615
combined,random_forest,4,26295,8765,not_cyberbullying,other_cyberbullying,527
combined,random_forest,4,26295,8765,not_cyberbullying,religion,57
combined,random_forest,4,26295,8765,other_cyberbullying,age,9
combined,random_forest,4,26295,8765,other_cyberbullying,ethnicity,9
combined,random_forest,4,26295,8765,other_cyberbullying,gender,43
combined,random_forest,4,26295,8765,other_cyberbullying,not_cyberbullying,100
combined,random_forest,4,26295,8765,other_cyberbullying,other_cyberbullying,1043
combined,random_forest,4,26295,8765,other_cyberbullying,religion,4
combined,random_forest,4,26295,8765,religion,age,1
combined,random_forest,4,26295,8765,religion,ethnicity,1
combined,random_forest,4,26295,8765,religion,gender,10
combined,random_forest,4,26295,8765,religion,not_cyberbullying,7
combined,random_forest,4,26295,8765,religion,other_cyberbullying,71
combined,random_forest,4,26295,8765,religion,religion,1505
combined,xgboost,1,26295,8765,age,age,1548
combined,xgboost,1,26295,8765,age,ethnicity,0
combined,xgboost,1,26295,8765,age,gender,1
combined,xgboost,1,26295,8765,age,not_cyberbullying,24
combined,xgboost,1,26295,8765,age,other_cyberbullying,18
combined,xgboost,1,26295,8765,age,religion,1
combined,xgboost,1,26295,8765,ethnicity,age,0
combined,xgboost,1,26295,8765,ethnicity,ethnicity,1561
combined,xgboost,1,26295,8765,ethnicity,gender,2
combined,xgboost,1,26295,8765,ethnicity,not_cyberbullying,8
combined,xgboost,1,26295,8765,ethnicity,other_cyberbullying,13
combined,xgboost,1,26295,8765,ethnicity,religion,0
combined,xgboost,1,26295,8765,gender,age,0
combined,xgboost,1,26295,8765,gender,ethnicity,1
combined,xgboost,1,26295,8765,gender,gender,1293
combined,xgboost,1,26295,8765,gender,not_cyberbullying,111
combined,xgboost,1,26295,8765,gender,other_cyberbullying,117
combined,xgboost,1,26295,8765,gender,religion,0
combined,xgboost,1,26295,8765,not_cyberbullying,age,11
combined,xgboost,1,26295,8765,not_cyberbullying,ethnicity,4
combined,xgboost,1,26295,8765,not_cyberbullying,gender,42
combined,xgboost,1,26295,8765,not_cyberbullying,not_cyberbullying,777
combined,xgboost,1,26295,8765,not_cyberbullying,other_cyberbullying,383
combined,xgboost,1,26295,8765,not_cyberbullying,religion,45
combined,xgboost,1,26295,8765,other_cyberbullying,age,4
combined,xgboost,1,26295,8765,other_cyberbullying,ethnicity,5
combined,xgboost,1,26295,8765,other_cyberbullying,gender,54
combined,xgboost,1,26295,8765,other_cyberbullying,not_cyberbullying,154
combined,xgboost,1,26295,8765,other_cyberbullying,other_cyberbullying,990
combined,xgboost,1,26295,8765,other_cyberbullying,religion,2
combined,xgboost,1,26295,8765,religion,age,0
combined,xgboost,1,26295,8765,religion,ethnicity,0
combined,xgboost,1,26295,8765,religion,gender,2
combined,xgboost,1,26295,8765,religion,not_cyberbullying,28
combined,xgboost,1,26295,8765,religion,other_cyberbullying,24
combined,xgboost,1,26295,8765,religion,religion,1542
combined,xgboost,2,26295,8765,age,age,1544
combined,xgboost,2,26295,8765,age,ethnicity,0
combined,xgboost,2,26295,8765,age,gender,3
combined,xgboost,2,26295,8765,age,not_cyberbullying,29
combined,xgboost,2,26295,8765,age,other_cyberbullying,16
combined,xgboost,2,26295,8765,age,religion,0
combined,xgboost,2,26295,8765,ethnicity,age,0
combined,xgboost,2,26295,8765,ethnicity,ethnicity,1560
combined,xgboost,2,26295,8765,ethnicity,gender,2
combined,xgboost,2,26295,8765,ethnicity,not_cyberbullying,7
combined,xgboost,2,26295,8765,ethnicity,other_cyberbullying,13
combined,xgboost,2,26295,8765,ethnicity,religion,2
combined,xgboost,2,26295,8765,gender,age,1
combined,xgboost,2,26295,8765,gender,ethnicity,1
combined,xgboost,2,26295,8765,gender,gender,1308
combined,xgboost,2,26295,8765,gender,not_cyberbullying,99
combined,xgboost,2,26295,8765,gender,other_cyberbullying,112
combined,xgboost,2,26295,8765,gender,religion,1
combined,xgboost,2,26295,8765,not_cyberbullying,age,16
combined,xgboost,2,26295,8765,not_cyberbullying,ethnicity,3
combined,xgboost,2,26295,8765,not_cyberbullying,gender,49
combined,xgboost,2,26295,8765,not_cyberbullying,not_cyberbullying,787
combined,xgboost,2,26295,8765,not_cyberbullying,other_cyberbullying,360
combined,xgboost,2,26295,8765,not_cyberbullying,religion,48
combined,xgboost,2,26295,8765,other_cyberbullying,age,7
combined,xgboost,2,26295,8765,other_cyberbullying,ethnicity,4
combined,xgboost,2,26295,8765,other_cyberbullying,gender,59
combined,xgboost,2,26295,8765,other_cyberbullying,not_cyberbullying,158
combined,xgboost,2,26295,8765,other_cyberbullying,other_cyberbullying,979
combined,xgboost,2,26295,8765,other_cyberbullying,religion,2
combined,xgboost,2,26295,8765,religion,age,0
combined,xgboost,2,26295,8765,religion,ethnicity,0
combined,xgboost,2,26295,8765,religion,gender,4
combined,xgboost,2,26295,8765,religion,not_cyberbullying,51
combined,xgboost,2,26295,8765,religion,other_cyberbullying,39
combined,xgboost,2,26295,8765,religion,religion,1501
combined,xgboost,3,26295,8765,age,age,1553
combined,xgboost,3,26295,8765,age,ethnicity,1
combined,xgboost,3,26295,8765,age,gender,0
combined,xgboost,3,26295,8765,age,not_cyberbullying,25
combined,xgboost,3,26295,8765,age,other_cyberbullying,14
combined,xgboost,3,26295,8765,age,religion,0
combined,xgboost,3,26295,8765,ethnicity,age,0
combined,xgboost,3,26295,8765,ethnicity,ethnicity,1568
combined,xgboost,3,26295,8765,ethnicity,gender,0
combined,xgboost,3,26295,8765,ethnicity,not_cyberbullying,3
combined,xgboost,3,26295,8765,ethnicity,other_cyberbullying,11
combined,xgboost,3,26295,8765,ethnicity,religion,2
combined,xgboost,3,26295,8765,gender,age,0
combined,xgboost,3,26295,8765,gender,ethnicity,2
combined,xgboost,3,26295,8765,gender,gender,1307
combined,xgboost,3,26295,8765,gender,not_cyberbullying,104
combined,xgboost,3,26295,8765,gender,other_cyberbullying,106
combined,xgboost,3,26295,8765,gender,religion,3
combined,xgboost,3,26295,8765,not_cyberbullying,age,9
combined,xgboost,3,26295,8765,not_cyberbullying,ethnicity,4
combined,xgboost,3,26295,8765,not_cyberbullying,gender,45
combined,xgboost,3,26295,8765,not_cyberbullying,not_cyberbullying,773
combined,xgboost,3,26295,8765,not_cyberbullying,other_cyberbullying,382
combined,xgboost,3,26295,8765,not_cyberbullying,religion,50
combined,xgboost,3,26295,8765,other_cyberbullying,age,7
combined,xgboost,3,26295,8765,other_cyberbullying,ethnicity,1
combined,xgboost,3,26295,8765,other_cyberbullying,gender,60
combined,xgboost,3,26295,8765,other_cyberbullying,not_cyberbullying,176
combined,xgboost,3,26295,8765,other_cyberbullying,other_cyberbullying,956
combined,xgboost,3,26295,8765,other_cyberbullying,religion,8
combined,xgboost,3,26295,8765,religion,age,0
combined,xgboost,3,26295,8765,religion,ethnicity,1
combined,xgboost,3,26295,8765,religion,gender,5
combined,xgboost,3,26295,8765,religion,not_cyberbullying,19
combined,xgboost,3,26295,8765,religion,other_cyberbullying,37
combined,xgboost,3,26295,8765,religion,religion,1533
combined,xgboost,4,26295,8765,age,age,1569
combined,xgboost,4,26295,8765,age,ethnicity,1
combined,xgboost,4,26295,8765,age,gender,0
combined,xgboost,4,26295,8765,age,not_cyberbullying,11
combined,xgboost,4,26295,8765,age,other_cyberbullying,11
combined,xgboost,4,26295,8765,age,religion,0
combined,xgboost,4,26295,8765,ethnicity,age,0
combined,xgboost,4,26295,8765,ethnicity,ethnicity,1569
combined,xgboost,4,26295,8765,ethnicity,gender,0
combined,xgboost,4,26295,8765,ethnicity,not_cyberbullying,2
combined,xgboost,4,26295,8765,ethnicity,other_cyberbullying,12
combined,xgboost,4,26295,8765,ethnicity,religion,1
combined,xgboost,4,26295,8765,gender,age,1
combined,xgboost,4,26295,8765,gender,ethnicity,2
combined,xgboost,4,26295,8765,gender,gender,1297
combined,xgboost,4,26295,8765,gender,not_cyberbullying,102
combined,xgboost,4,26295,8765,gender,other_cyberbullying,120
combined,xgboost,4,26295,8765,gender,religion,1
combined,xgboost,4,26295,8765,not_cyberbullying,age,14
combined,xgboost,4,26295,8765,not_cyberbullying,ethnicity,6
combined,xgboost,4,26295,8765,not_cyberbullying,gender,28
combined,xgboost,4,26295,8765,not_cyberbullying,not_cyberbullying,775
combined,xgboost,4,26295,8765,not_cyberbullying,other_cyberbullying,388
combined,xgboost,4,26295,8765,not_cyberbullying,religion,52
combined,xgboost,4,26295,8765,other_cyberbullying,age,4
combined,xgboost,4,26295,8765,other_cyberbullying,ethnicity,6
combined,xgboost,4,26295,8765,other_cyberbullying,gender,50
combined,xgboost,4,26295,8765,other_cyberbullying,not_cyberbullying,182
combined,xgboost,4,26295,8765,other_cyberbullying,other_cyberbullying,963
combined,xgboost,4,26295,8765,other_cyberbullying,religion,3
combined,xgboost,4,26295,8765,religion,age,0
combined,xgboost,4,26295,8765,religion,ethnicity,1
combined,xgboost,4,26295,8765,religion,gender,7
combined,xgboost,4,26295,8765,religion,not_cyberbullying,32
combined,xgboost,4,26295,8765,religion,other_cyberbullying,39
combined,xgboost,4,26295,8765,religion,religion,1516
